"Date","Open","High","Low","Close","Volume"
"2017-12-29","25.97","26.0","25.69","25.69","1159311"
"2017-12-28","26.06","26.18","25.85","26.0","733713"
"2017-12-27","26.16","26.285","25.88","25.98","1192111"
"2017-12-26","26.17","26.26","25.84","26.02","853886"
"2017-12-22","26.91","26.91","26.21","26.23","2430759"
"2017-12-21","26.57","27.03","26.45","26.9","2942830"
"2017-12-20","25.93","26.68","25.9","26.5","2294605"
"2017-12-19","25.25","25.94","24.85","25.82","3001564"
"2017-12-18","26.16","26.28","25.71","25.75","2616952"
"2017-12-15","27.04","27.155","25.7","25.82","5670146"
"2017-12-14","28.3","28.38","26.47","26.97","3588872"
"2017-12-13","29.24","29.32","28.74","28.77","1449258"
"2017-12-12","29.26","29.505","29.09","29.13","2341568"
"2017-12-11","29.32","29.57","29.15","29.42","957755"
"2017-12-08","29.24","29.4","29.06","29.31","762789"
"2017-12-07","28.96","29.27","28.85","29.14","1199232"
"2017-12-06","29.31","29.47","28.92","28.94","1336546"
"2017-12-05","29.75","29.87","29.21","29.34","1596624"
"2017-12-04","29.95","29.99","29.6","29.65","1109715"
"2017-12-01","29.89","29.9","28.82","29.68","1339728"
"2017-11-30","29.47","30.0","29.23","29.97","1210306"
"2017-11-29","29.45","29.47","28.99","29.33","854377"
"2017-11-28","28.99","29.43","28.91","29.4","738610"
"2017-11-27","29.07","29.07","28.91","28.97","478203"
"2017-11-24","29.16","29.21","28.95","29.1","238876"
"2017-11-22","28.97","29.32","28.82","29.12","601109"
"2017-11-21","29.36","29.56","28.92","29.03","955938"
"2017-11-20","28.79","29.54","28.5","29.19","1443345"
"2017-11-17","27.69","28.7","27.69","28.67","920480"
"2017-11-16","27.61","27.76","27.44","27.71","728536"
"2017-11-15","27.75","27.89","27.42","27.44","759502"
"2017-11-14","27.8","28.06","27.7","27.79","741417"
"2017-11-13","27.78","28.14","27.71","27.83","645181"
"2017-11-10","27.84","28.12","27.64","28.02","644312"
"2017-11-09","27.84","28.22","27.46","27.91","901039"
"2017-11-08","27.96","28.11","27.81","27.97","744207"
"2017-11-07","28.01","28.19","27.88","27.96","906322"
"2017-11-06","28.25","28.43","27.96","28.18","612912"
"2017-11-03","28.71","28.72","27.68","28.18","1541356"
"2017-11-02","27.0","28.91","26.68","28.82","3089307"
"2017-11-01","28.72","28.83","27.91","27.95","1905273"
"2017-10-31","28.25","28.57","28.11","28.5","1481826"
"2017-10-30","27.93","28.35","27.86","28.22","1060559"
"2017-10-27","28.17","28.23","27.77","27.94","1153514"
"2017-10-26","28.12","28.17","27.64","28.07","1522328"
"2017-10-25","28.05","28.4","27.97","28.04","891618"
"2017-10-24","28.01","28.3","27.89","28.12","898405"
"2017-10-23","27.85","28.14","27.73","28.0","579343"
"2017-10-20","27.9","28.03","27.73","27.87","404381"
"2017-10-19","27.62","27.88","27.01","27.73","571213"
"2017-10-18","27.93","28.09","27.6","27.77","829951"
"2017-10-17","27.49","27.79","27.33","27.79","1337564"
"2017-10-16","27.71","27.84","27.41","27.5","1431781"
"2017-10-13","28.17","28.17","27.71","27.73","993112"
"2017-10-12","28.3","28.41","28.05","28.06","674667"
"2017-10-11","28.49","28.67","28.27","28.39","684722"
"2017-10-10","28.8","28.9","28.5","28.53","590698"
"2017-10-09","28.95","29.0","28.53","28.64","640119"
"2017-10-06","28.72","29.05","28.63","28.94","739810"
"2017-10-05","29.06","29.11","28.72","28.73","595024"
"2017-10-04","29.1","29.23","28.96","29.03","796447"
"2017-10-03","29.0","29.09","28.79","28.99","702513"
"2017-10-02","28.58","29.09","28.58","29.03","1267801"
"2017-09-29","28.38","28.67","28.28","28.49","1008105"
"2017-09-28","28.73","28.79","28.29","28.38","884748"
"2017-09-27","28.51","28.91","28.46","28.74","853595"
"2017-09-26","28.4","28.53","28.23","28.3","718658"
"2017-09-25","28.17","28.69","28.11","28.33","857976"
"2017-09-22","28.2","28.48","27.78","28.16","824663"
"2017-09-21","27.92","28.36","27.89","28.31","1095082"
"2017-09-20","27.68","28.01","27.62","27.98","1090371"
"2017-09-19","27.79","28.0","27.72","27.72","737870"
"2017-09-18","27.36","27.79","27.34","27.74","1324252"
"2017-09-15","27.04","27.53","26.891","27.3","2511863"
"2017-09-14","27.29","27.29","27.05","27.15","1026295"
"2017-09-13","27.57","27.6","27.26","27.35","1272802"
"2017-09-12","27.15","27.67","27.06","27.65","1250353"
"2017-09-11","26.65","27.16","26.62","27.06","1713630"
"2017-09-08","26.33","26.56","26.15","26.42","1474534"
"2017-09-07","26.87","26.97","26.09","26.53","1479981"
"2017-09-06","27.61","27.61","26.85","26.87","854928"
"2017-09-05","27.81","27.98","27.26","27.57","999608"
"2017-09-01","27.88","28.1","27.73","27.97","676494"
"2017-08-31","27.29","27.89","27.15","27.86","787554"
"2017-08-30","27.0","27.36","27.0","27.29","401675"
"2017-08-29","26.77","27.135","26.55","27.02","531233"
"2017-08-28","27.07","27.18","26.72","26.96","630594"
"2017-08-25","27.1","27.23","26.91","26.98","593316"
"2017-08-24","27.0","27.15","26.64","27.05","858144"
"2017-08-23","26.8","27.0","26.74","26.93","589259"
"2017-08-22","26.7","27.0","26.55","27.0","631452"
"2017-08-21","26.6","26.7","26.44","26.64","614378"
"2017-08-18","26.91","27.0","26.65","26.66","823216"
"2017-08-17","27.33","27.64","27.01","27.04","668254"
"2017-08-16","27.3","27.66","27.17","27.51","441080"
"2017-08-15","27.47","27.53","27.235","27.3","461592"
"2017-08-14","27.03","27.71","26.97","27.42","906915"
"2017-08-11","26.91","27.085","26.7601","26.9","1505289"
"2017-08-10","27.58","27.68","26.79","26.9","1399163"
"2017-08-09","27.84","27.87","27.49","27.76","1116819"
"2017-08-08","28.35","28.52","28.01","28.05","1002593"
"2017-08-07","28.2","28.85","28.08","28.47","1169134"
"2017-08-04","29.4","29.4","27.83","28.16","1091783"
"2017-08-03","29.88","30.38","28.91","29.51","2473207"
"2017-08-02","28.3","28.41","27.65","27.73","1146182"
"2017-08-01","28.07","28.39","27.97","28.24","817674"
"2017-07-31","27.82","28.03","27.55","27.96","790181"
"2017-07-28","27.67","27.88","27.52","27.77","417396"
"2017-07-27","28.09","28.36","27.38","27.84","1020310"
"2017-07-26","28.47","28.47","27.89","28.09","609739"
"2017-07-25","28.34","28.5","28.16","28.39","1362147"
"2017-07-24","28.12","28.38","28.04","28.3","605168"
"2017-07-21","28.07","28.3","27.72","28.1","640235"
"2017-07-20","27.94","28.28","27.77","28.13","665629"
"2017-07-19","27.73","28.08","27.68","27.94","593122"
"2017-07-18","27.43","27.67","27.16","27.66","970422"
"2017-07-17","27.57","27.64","27.28","27.57","1573850"
"2017-07-14","28.13","28.26","27.64","27.65","1117408"
"2017-07-13","28.3","28.48","28.12","28.3","502393"
"2017-07-12","28.26","28.58","28.06","28.4","752328"
"2017-07-11","27.67","28.24","27.64","28.06","1209322"
"2017-07-10","27.8","28.04","27.61","27.61","851052"
"2017-07-07","27.46","27.91","27.41","27.85","774616"
"2017-07-06","27.72","27.75","27.39","27.46","1204100"
"2017-07-05","28.01","28.27","27.8","27.88","769751"
"2017-07-03","28.14","28.28","27.93","27.93","715444"
"2017-06-30","28.09","28.29","27.56","28.02","1374262"
"2017-06-29","29.37","29.65","27.84","28.21","3239989"
"2017-06-28","29.08","29.65","28.82","29.5","1705324"
"2017-06-27","28.86","29.26","28.78","28.95","1656561"
"2017-06-26","28.97","29.13","28.66","29.1","1119006"
"2017-06-23","28.19","28.96","28.07","28.92","2114843"
"2017-06-22","28.37","28.52","28.01","28.17","1086406"
"2017-06-21","28.68","28.68","28.08","28.25","1060135"
"2017-06-20","29.13","29.2","28.58","28.64","572757"
"2017-06-19","29.1","29.33","28.98","29.2","959175"
"2017-06-16","29.03","29.08","28.58","28.97","1814428"
"2017-06-15","28.48","29.13","28.21","29.03","1024987"
"2017-06-14","28.87","28.94","28.46","28.65","889924"
"2017-06-13","28.72","29.1","28.18","28.93","847050"
"2017-06-12","28.36","28.64","28.04","28.57","961809"
"2017-06-09","29.09","29.2","28.13","28.5","1165221"
"2017-06-08","28.53","29.19","28.41","29.11","953904"
"2017-06-07","28.78","29.04","28.5","28.64","794370"
"2017-06-06","28.69","29.05","28.63","28.74","1295071"
"2017-06-05","28.91","29.02","28.67","28.79","763278"
"2017-06-02","28.87","29.25","28.6","28.97","1612148"
"2017-06-01","28.25","29.0","28.08","28.94","1572562"
"2017-05-31","27.82","28.25","27.69","28.04","1322739"
"2017-05-30","27.68","28.0","27.45","27.73","1164265"
"2017-05-26","27.72","28.01","27.26","27.73","923745"
"2017-05-25","27.71","28.16","27.63","28.01","1381849"
"2017-05-24","27.41","27.66","27.26","27.65","848597"
"2017-05-23","27.52","27.61","27.27","27.39","1017664"
"2017-05-22","26.98","27.51","26.98","27.44","878116"
"2017-05-19","27.1","27.4","26.94","26.97","923415"
"2017-05-18","27.02","27.4","26.66","27.01","1386812"
"2017-05-17","27.97","27.99","27.32","27.33","1024442"
"2017-05-16","28.09","28.36","27.97","28.31","1306337"
"2017-05-15","28.13","28.29","27.88","28.0","1580170"
"2017-05-12","28.03","28.03","27.63","28.02","1308266"
"2017-05-11","28.12","28.42","27.96","28.08","1407738"
"2017-05-10","28.03","28.3","27.72","28.19","1436912"
"2017-05-09","27.67","28.21","27.61","28.04","1939320"
"2017-05-08","27.63","27.92","27.46","27.73","1758103"
"2017-05-05","27.0","27.68","26.84","27.66","2690238"
"2017-05-04","27.0","28.75","26.58","27.06","5302916"
"2017-05-03","25.4","25.53","25.1","25.3","3104670"
"2017-05-02","25.67","26.0","25.38","25.5","2508306"
"2017-05-01","26.0","26.0","25.7","25.78","1640490"
"2017-04-28","25.89","26.01","25.53","25.99","1829632"
"2017-04-27","25.95","26.07","25.87","25.89","1254097"
"2017-04-26","25.95","26.01","25.79","25.91","926506"
"2017-04-25","25.9","26.1","25.88","25.92","1258975"
"2017-04-24","25.93","26.01","25.51","25.83","2143310"
"2017-04-21","25.56","25.64","25.1","25.51","3480390"
"2017-04-20","25.96","26.0","25.52","25.54","3600319"
"2017-04-19","26.15","26.24","25.97","26.06","1949631"
"2017-04-18","26.2","26.29","25.92","26.07","1560069"
"2017-04-17","26.04","26.43","26.04","26.2","1421017"
"2017-04-13","26.36","26.55","25.97","25.97","1171970"
"2017-04-12","26.6","27.21","26.14","26.39","2139628"
"2017-04-11","26.6","26.72","26.39","26.64","1130834"
"2017-04-10","26.64","26.88","26.46","26.63","1235488"
"2017-04-07","26.13","26.51","26.13","26.41","925882"
"2017-04-06","25.78","26.35","25.6","26.28","1090320"
"2017-04-05","26.16","26.23","25.77","25.79","2429908"
"2017-04-04","25.8","26.09","25.61","26.02","3108066"
"2017-04-03","26.51","26.51","25.77","25.83","1743546"
"2017-03-31","26.22","26.54","26.2","26.45","1938002"
"2017-03-30","26.46","26.59","26.19","26.41","1395057"
"2017-03-29","26.62","26.73","26.35","26.42","1329326"
"2017-03-28","26.47","26.88","26.24","26.7","1572388"
"2017-03-27","26.25","26.75","26.02","26.6","1620372"
"2017-03-24","26.81","26.95","26.42","26.62","2768852"
"2017-03-23","25.64","26.71","25.42","26.67","4170167"
"2017-03-22","25.63","26.08","25.46","25.67","2872389"
"2017-03-21","26.15","26.31","25.8","25.91","3535599"
"2017-03-20","26.06","26.17","25.74","26.11","1916042"
"2017-03-17","26.06","26.13","25.83","25.99","2441851"
"2017-03-16","26.27","26.4","26.01","26.03","1601684"
"2017-03-15","26.27","26.37","26.0","26.17","2395901"
"2017-03-14","26.01","26.24","25.76","26.11","2786654"
"2017-03-13","25.31","25.46","24.78","24.98","4013927"
"2017-03-10","25.21","25.82","25.21","25.38","1875524"
"2017-03-09","25.0","25.21","24.81","25.07","1421603"
"2017-03-08","25.01","25.14","24.89","24.96","1946207"
"2017-03-07","25.11","25.25","24.96","24.99","1251074"
"2017-03-06","24.86","25.23","24.75","25.11","1419674"
"2017-03-03","25.38","25.84","24.96","25.1","2225562"
"2017-03-02","25.91","26.0","25.33","25.36","1520704"
"2017-03-01","26.1","26.33","25.67","25.95","2040377"
"2017-02-28","25.92","26.08","25.64","25.8","3746661"
"2017-02-27","25.75","26.14","25.54","26.06","2670451"
"2017-02-24","26.07","26.29","25.4","25.75","4052535"
"2017-02-23","26.77","26.79","26.0","26.26","13170996"
"2017-02-22","29.83","30.79","29.74","30.7","5246638"
"2017-02-21","30.19","30.69","29.86","29.95","3012280"
"2017-02-17","29.7","30.24","29.32","30.2","2266186"
"2017-02-16","30.01","30.2","29.65","29.86","1672534"
"2017-02-15","29.74","30.18","29.54","30.11","1637016"
"2017-02-14","29.64","29.97","29.36","29.87","800502"
"2017-02-13","29.29","29.66","29.04","29.53","837517"
"2017-02-10","28.78","29.16","28.47","29.1","2102221"
"2017-02-09","28.56","28.99","28.56","28.76","1419516"
"2017-02-08","28.51","28.84","28.3","28.47","863344"
"2017-02-07","28.72","28.86","28.41","28.6","592530"
"2017-02-06","28.67","28.75","28.52","28.61","580110"
"2017-02-03","28.97","28.97","28.74","28.79","771202"
"2017-02-02","28.92","29.12","28.51","28.76","1011356"
"2017-02-01","28.77","29.22","28.23","29.19","2510925"
"2017-01-31","28.55","28.85","26.05","28.58","4566016"
"2017-01-30","29.33","29.33","28.416","28.72","1192106"
"2017-01-27","29.35","29.58","28.805","29.53","1391351"
"2017-01-26","29.84","29.9","29.27","29.36","779240"
"2017-01-25","29.45","29.805","29.45","29.72","1440965"
"2017-01-24","29.15","29.62","29.005","29.25","1778567"
"2017-01-23","29.18","29.39","28.99","29.18","1222677"
"2017-01-20","29.34","29.68","29.19","29.33","958132"
"2017-01-19","29.17","29.63","28.96","29.27","1045918"
"2017-01-18","29.4","29.69","29.22","29.26","877108"
"2017-01-17","29.62","30.14","29.0672","29.27","1250992"
"2017-01-13","29.22","29.81","28.86","29.71","5017505"
"2017-01-12","29.91","30.06","29.15","29.19","2713674"
"2017-01-11","29.97","30.145","29.75","30.1","1190193"
"2017-01-10","30.31","30.44","29.95","30.16","919089"
"2017-01-09","30.54","30.6208","30.1","30.38","1270538"
"2017-01-06","30.82","31.048","30.5","30.67","1028629"
"2017-01-05","31.26","31.52","30.81","30.95","1619813"
"2017-01-04","30.21","31.34","29.86","31.29","2346228"
"2017-01-03","30.3","31.05","29.93","30.11","2015630"
"2016-12-30","30.17","30.44","29.8","30.13","773681"
"2016-12-29","29.96","30.23","29.88","30.11","710955"
"2016-12-28","30.91","30.95","29.86","29.92","1368057"
"2016-12-27","30.64","31.07","30.5","30.86","646391"
"2016-12-23","31.0","31.1978","30.53","30.56","847917"
"2016-12-22","31.34","31.34","30.66","30.96","1363238"
"2016-12-21","31.34","31.5","30.74","31.29","1731820"
"2016-12-20","31.33","31.46","30.99","31.34","1325337"
"2016-12-19","31.1","31.32","30.84","31.16","1180241"
"2016-12-16","30.61","31.14","30.58","30.88","4879935"
"2016-12-15","30.43","30.995","30.36","30.78","2220434"
"2016-12-14","30.15","30.57","29.94","30.41","1941261"
"2016-12-13","30.53","30.99","29.9","30.16","4084628"
"2016-12-12","29.32","29.81","29.03","29.5","1386314"
"2016-12-09","30.35","30.4","29.3","29.75","1962500"
"2016-12-08","30.0","30.39","29.735","30.38","1408934"
"2016-12-07","29.17","30.2211","29.05","29.99","3015263"
"2016-12-06","28.66","28.88","28.28","28.88","1064878"
"2016-12-05","28.29","28.75","28.24","28.68","893399"
"2016-12-02","27.78","28.22","27.56","28.06","1554981"
"2016-12-01","28.78","29.14","27.71","27.91","1946874"
"2016-11-30","29.47","29.65","28.39","28.69","2155105"
"2016-11-29","29.14","29.49","29.04","29.3","696526"
"2016-11-28","29.46","29.46","28.99","29.14","656555"
"2016-11-25","29.53","29.56","29.29","29.47","375147"
"2016-11-23","28.91","29.39","28.67","29.37","890179"
"2016-11-22","29.02","29.1063","28.65","29.04","1008464"
"2016-11-21","29.37","29.44","28.905","28.99","866023"
"2016-11-18","29.35","29.5","29.12","29.17","1598891"
"2016-11-17","28.77","29.34","28.535","29.29","1629338"
"2016-11-16","28.86","29.38","28.615","28.88","1246089"
"2016-11-15","28.73","29.14","28.57","29.05","986274"
"2016-11-14","29.0","29.48","28.82","28.87","1490680"
"2016-11-11","28.08","29.08","27.95","29.02","2059111"
"2016-11-10","27.94","28.6","27.49","28.18","1646759"
"2016-11-09","26.66","27.78","26.46","27.73","1688414"
"2016-11-08","26.58","27.15","26.25","27.01","1184621"
"2016-11-07","26.61","26.68","26.31","26.58","1061678"
"2016-11-04","26.2","26.56","25.78","26.02","1942764"
"2016-11-03","26.5","26.65","26.165","26.21","1572457"
"2016-11-02","27.1","27.46","26.36","26.6","1736002"
"2016-11-01","27.71","27.89","27.09","27.26","1430825"
"2016-10-31","27.01","27.86","27.0","27.78","2187063"
"2016-10-28","27.01","27.63","26.975","27.07","1714377"
"2016-10-27","27.25","27.92","26.93","27.12","5161693"
"2016-10-26","29.4","30.13","29.33","29.53","2427040"
"2016-10-25","29.59","30.05","29.4","29.56","1796147"
"2016-10-24","29.33","29.81","29.21","29.72","1269559"
"2016-10-21","29.2","29.285","28.75","29.21","1254395"
"2016-10-20","29.1","29.31","28.8","29.24","808062"
"2016-10-19","28.91","29.23","28.53","29.12","777164"
"2016-10-18","28.85","28.99","28.66","28.9","697994"
"2016-10-17","28.47","28.69","28.32","28.59","740389"
"2016-10-14","28.68","29.01","28.4284","28.62","1366178"
"2016-10-13","28.75","28.84","27.89","28.57","2048018"
"2016-10-12","28.82","29.21","28.02","29.09","1668034"
"2016-10-11","29.45","29.46","28.48","28.71","1174771"
"2016-10-10","29.61","30.06","29.53","29.61","1268201"
"2016-10-07","28.32","29.7","28.0","29.65","3397544"
"2016-10-06","27.86","27.96","27.695","27.77","1324460"
"2016-10-05","28.01","28.25","27.6875","27.81","2081994"
"2016-10-04","28.09","28.15","27.67","27.84","1195555"
"2016-10-03","28.03","28.235","27.79","27.9","1285488"
"2016-09-30","28.52","28.67","28.22","28.33","1373021"
"2016-09-29","28.19","28.92","27.86","28.37","2143557"
"2016-09-28","28.43","28.55","27.77","28.32","1875319"
"2016-09-27","28.38","28.54","28.02","28.41","1291677"
"2016-09-26","28.56","28.56","28.22","28.33","818377"
"2016-09-23","29.13","29.22","28.58","28.61","1564797"
"2016-09-22","28.98","29.54","28.63","29.32","2273285"
"2016-09-21","28.64","28.96","28.3901","28.9","1838678"
"2016-09-20","28.62","28.702","28.115","28.49","1433310"
"2016-09-19","28.29","29.0999","28.22","28.24","2304644"
"2016-09-16","28.28","28.37","27.83","28.29","3731459"
"2016-09-15","27.47","28.34","27.43","28.34","1860365"
"2016-09-14","27.42","27.64","27.21","27.47","1060511"
"2016-09-13","26.94","27.45","26.94","27.35","1807852"
"2016-09-12","26.48","27.085","26.3401","27.06","1525961"
"2016-09-09","28.04","28.14","26.449","26.73","2756884"
"2016-09-08","28.3","28.315","27.98","28.15","1778222"
"2016-09-07","28.27","28.9","27.94","28.23","2192433"
"2016-09-06","28.5","28.87","27.89","28.22","2807186"
"2016-09-02","28.46","28.5","28.2","28.45","960073"
"2016-09-01","28.19","28.5","27.91","28.26","1534172"
"2016-08-31","28.01","28.19","27.82","28.07","1474120"
"2016-08-30","28.0","28.17","27.87","28.06","1084521"
"2016-08-29","27.25","28.0","27.15","27.95","1561183"
"2016-08-26","26.98","27.39","26.83","27.14","1244893"
"2016-08-25","26.67","27.05","26.58","26.86","1087945"
"2016-08-24","27.08","27.2","26.4","26.66","1953716"
"2016-08-23","27.0","27.2933","26.91","26.99","1300908"
"2016-08-22","27.06","27.155","26.74","26.81","1022279"
"2016-08-19","27.15","27.17","26.97","27.06","1051155"
"2016-08-18","27.18","27.51","27.0","27.19","953724"
"2016-08-17","27.86","27.86","27.12","27.15","1289087"
"2016-08-16","28.28","28.3696","27.765","27.78","1061800"
"2016-08-15","27.77","28.31","27.7","28.3","2159042"
"2016-08-12","27.46","27.7","27.24","27.64","1133782"
"2016-08-11","27.4","27.62","27.15","27.46","974337"
"2016-08-10","27.26","27.37","26.97","27.36","672847"
"2016-08-09","27.22","27.63","27.07","27.26","1004732"
"2016-08-08","27.3","27.45","27.0","27.2","1296928"
"2016-08-05","27.16","27.36","26.951","27.19","1358972"
"2016-08-04","26.89","27.1501","26.66","26.93","1199708"
"2016-08-03","26.78","27.045","26.75","26.97","1675971"
"2016-08-02","27.33","27.45","26.66","26.87","1553910"
"2016-08-01","27.27","27.72","27.25","27.48","2839252"
"2016-07-29","27.15","27.3","26.45","27.24","2582403"
"2016-07-28","27.82","28.94","26.84","26.98","7815860"
"2016-07-27","24.9","25.09","24.215","24.35","3202727"
"2016-07-26","24.86","25.13","24.665","24.95","2513095"
"2016-07-25","24.93","24.96","24.71","24.79","1137709"
"2016-07-22","24.98","25.1404","24.73","24.88","1603010"
"2016-07-21","25.23","25.44","24.725","24.94","3088222"
"2016-07-20","25.11","25.3","24.97","25.22","1146219"
"2016-07-19","24.84","25.21","24.84","25.1","1218304"
"2016-07-18","25.27","25.27","24.79","24.97","1925149"
"2016-07-15","24.75","25.0269","24.6","24.91","1579470"
"2016-07-14","24.65","24.76","24.33","24.64","937216"
"2016-07-13","24.68","25.0","24.365","24.42","1671365"
"2016-07-12","24.4","24.775","24.19","24.56","1875394"
"2016-07-11","24.29","24.63","23.995","24.15","1897129"
"2016-07-08","23.58","24.23","23.5","24.21","2527293"
"2016-07-07","22.96","23.5","22.96","23.42","2548017"
"2016-07-06","22.49","23.63","22.385","22.8","4836846"
"2016-07-05","21.33","22.54","21.24","22.53","5614389"
"2016-07-01","21.05","21.64","21.03","21.27","1678336"
"2016-06-30","20.7","20.98","20.44","20.96","2254433"
"2016-06-29","20.68","20.74","20.42","20.58","2114469"
"2016-06-28","20.44","20.84","20.05","20.37","1757173"
"2016-06-27","21.23","21.41","20.22","20.3","2262621"
"2016-06-24","21.69","22.0825","21.27","21.46","3941325"
"2016-06-23","22.82","22.925","22.6375","22.82","1483099"
"2016-06-22","22.63","22.76","22.51","22.56","1634961"
"2016-06-21","22.86","22.92","22.57","22.65","2906463"
"2016-06-20","23.26","23.42","22.84","22.85","1539139"
"2016-06-17","23.1","23.27","22.8","22.99","2627613"
"2016-06-16","22.66","23.12","22.355","23.06","2002260"
"2016-06-15","22.76","23.12","22.5","22.84","2354402"
"2016-06-14","23.01","23.14","22.57","22.75","1762622"
"2016-06-13","23.41","23.67","23.075","23.1","1000164"
"2016-06-10","24.07","24.21","23.57","23.59","977607"
"2016-06-09","24.17","24.23","23.91","24.05","750469"
"2016-06-08","24.24","24.28","24.025","24.2","1512787"
"2016-06-07","24.39","24.4","24.115","24.22","1938329"
"2016-06-06","24.58","24.6765","24.27","24.28","1575858"
"2016-06-03","24.45","24.63","24.18","24.6","936990"
"2016-06-02","24.23","24.77","24.23","24.57","2063774"
"2016-06-01","23.97","24.55","23.915","24.51","1819200"
"2016-05-31","23.54","24.27","23.54","24.1","1921295"
"2016-05-27","23.37","23.66","23.33","23.55","1443876"
"2016-05-26","23.12","23.465","23.064","23.37","2483474"
"2016-05-25","23.28","23.5","23.06","23.11","2122558"
"2016-05-24","22.81","23.29","22.78","23.22","1411536"
"2016-05-23","22.3","22.74","22.16","22.68","1707726"
"2016-05-20","21.98","22.44","21.96","22.23","1522035"
"2016-05-19","21.9","22.11","21.665","21.98","1854155"
"2016-05-18","21.81","22.225","21.75","21.98","1838245"
"2016-05-17","22.37","22.37","21.91","21.97","2231381"
"2016-05-16","22.36","22.57","22.23","22.36","1042513"
"2016-05-13","22.77","22.915","22.24","22.3","1456354"
"2016-05-12","23.32","23.48","22.7","22.81","1777756"
"2016-05-11","23.28","23.39","23.15","23.27","1641946"
"2016-05-10","23.51","23.65","23.03","23.42","1947237"
"2016-05-09","23.39","23.69","23.22","23.39","2325090"
"2016-05-06","23.6","23.6435","22.9199","23.38","2498027"
"2016-05-05","25.25","26.0","23.42","23.76","7424249"
"2016-05-04","23.06","23.22","22.78","23.13","2805192"
"2016-05-03","22.96","23.22","22.81","23.16","1537288"
"2016-05-02","22.74","23.26","22.7389","23.2","1686053"
"2016-04-29","22.47","22.88","22.31","22.77","1847617"
"2016-04-28","22.5","23.02","22.41","22.59","1611901"
"2016-04-27","22.56","22.74","22.425","22.7","1071900"
"2016-04-26","22.43","22.715","22.38","22.62","888105"
"2016-04-25","22.37","22.69","22.2","22.39","1191967"
"2016-04-22","21.84","22.36","21.84","22.33","1529331"
"2016-04-21","22.1","22.19","21.77","21.88","1148568"
"2016-04-20","22.08","22.19","21.87","22.12","1138270"
"2016-04-19","22.14","22.19","21.925","22.09","996902"
"2016-04-18","22.12","22.24","21.81","22.09","2222142"
"2016-04-15","22.37","22.54","21.95","22.19","2178019"
"2016-04-14","22.0","22.565","21.91","22.5","1697246"
"2016-04-13","21.48","22.11","21.48","22.05","1419527"
"2016-04-12","21.57","21.57","21.2","21.33","1184455"
"2016-04-11","21.79","21.995","21.61","21.62","1600073"
"2016-04-08","21.74","21.96","21.61","21.73","1679082"
"2016-04-07","21.78","21.9","21.25","21.53","2606357"
"2016-04-06","22.16","22.36","21.8","22.0","2723322"
"2016-04-05","22.54","22.69","22.085","22.13","2307221"
"2016-04-04","22.65","23.01","22.55","22.81","1293682"
"2016-04-01","22.77","22.87","22.47","22.74","3131300"
"2016-03-31","22.96","23.16","22.86","22.92","2185738"
"2016-03-30","23.31","23.52","22.99","23.04","2177107"
"2016-03-29","22.82","23.32","22.785","23.165","2379805"
"2016-03-28","22.93","23.07","22.81","22.98","1380897"
"2016-03-24","22.78","23.12","22.68","22.9","1867753"
"2016-03-23","23.56","23.7289","23.11","23.12","2380321"
"2016-03-22","22.72","23.53","22.5","23.5","5129423"
"2016-03-21","22.77","22.8","22.345","22.68","4926182"
"2016-03-18","22.35","23.11","22.295","22.81","8581788"
"2016-03-17","22.27","22.5","22.14","22.42","2166599"
"2016-03-16","21.2","22.45","21.03","22.3","6447970"
"2016-03-15","22.35","22.41","21.44","21.62","7055856"
"2016-03-14","22.76","23.06","22.12","22.48","4474366"
"2016-03-11","23.38","23.88","23.345","23.71","3114566"
"2016-03-10","23.63","23.805","23.11","23.2","2983584"
"2016-03-09","23.22","23.88","23.16","23.48","4011140"
"2016-03-08","23.91","24.0","23.135","23.18","2459212"
"2016-03-07","24.06","24.1","23.74","24.06","4334115"
"2016-03-04","23.64","24.09","23.23","24.07","4414952"
"2016-03-03","24.0","24.04","23.3701","23.55","5178707"
"2016-03-02","24.02","24.23","23.43","24.05","6428087"
"2016-03-01","23.98","24.61","23.89","23.91","4388840"
"2016-02-29","23.61","24.09","23.4","23.89","1648427"
"2016-02-26","23.37","23.82","23.07","23.67","1479657"
"2016-02-25","22.99","23.46","22.84","23.42","1547326"
"2016-02-24","22.25","22.92","22.0","22.87","3050400"
"2016-02-23","22.98","23.15","22.32","22.34","1591981"
"2016-02-22","22.75","23.59","22.38","22.9","3239323"
"2016-02-19","21.32","22.76","21.32","22.48","4408994"
"2016-02-18","22.29","22.29","20.27","21.33","11686562"
"2016-02-17","23.97","25.03","23.94","24.24","3746307"
"2016-02-16","23.46","24.17","22.86","23.74","3262434"
"2016-02-12","23.15","23.33","22.78","23.06","2587067"
"2016-02-11","22.78","23.01","22.45","22.85","1465093"
"2016-02-10","23.24","23.88","23.06","23.12","1315842"
"2016-02-09","22.65","23.44","22.6","23.1","2055513"
"2016-02-08","23.22","23.33","22.54","22.99","1931057"
"2016-02-05","24.33","24.38","23.515","23.57","1471920"
"2016-02-04","23.62","24.69","23.5","24.38","2243878"
"2016-02-03","24.57","24.93","23.45","23.73","3629259"
"2016-02-02","25.3","25.5499","24.27","24.5","1953658"
"2016-02-01","25.53","25.815","25.11","25.6","2294799"
"2016-01-29","25.1","25.47","25.0","25.47","2466585"
"2016-01-28","26.18","26.31","24.58","24.95","3742004"
"2016-01-27","27.42","27.85","26.0","26.14","3093546"
"2016-01-26","26.95","27.61","26.65","27.42","3891169"
"2016-01-25","26.79","27.5","26.56","26.77","3467981"
"2016-01-22","26.48","26.93","25.8","26.84","1488467"
"2016-01-21","26.48","26.79","25.74","25.98","1845963"
"2016-01-20","25.58","26.99","24.765","26.47","2645382"
"2016-01-19","26.57","26.66","25.55","26.04","2162764"
"2016-01-15","27.22","27.335","25.8","26.42","2410749"
"2016-01-14","26.93","28.26","26.79","28.01","3926320"
"2016-01-13","27.23","27.4","26.28","26.73","3201637"
"2016-01-12","27.43","27.72","26.27","27.12","3557843"
"2016-01-11","27.33","27.34","26.32","26.79","3684891"
"2016-01-08","28.5","28.5","27.025","27.32","5251592"
"2016-01-07","28.67","29.0","27.31","28.21","7281105"
"2016-01-06","30.25","31.13","28.98","29.11","4638946"
"2016-01-05","30.71","31.25","30.22","30.52","6656549"
"2016-01-04","30.08","30.72","29.82","30.4","10180513"
"2015-12-31","30.79","30.99","30.46","30.57","1636041"
"2015-12-30","30.78","31.0","30.55","30.83","1486129"
"2015-12-29","30.04","30.795","30.04","30.71","2017996"
"2015-12-28","29.73","30.08","29.59","29.94","1544107"
"2015-12-24","29.44","29.9","29.39","29.78","583040"
"2015-12-23","29.29","29.54","29.085","29.41","7464352"
"2015-12-22","29.6","29.82","29.175","29.61","3608905"
"2015-12-21","29.37","29.66","29.14","29.63","1959950"
"2015-12-18","29.77","29.77","29.24","29.28","2143545"
"2015-12-17","30.21","30.4","29.66","29.86","2690249"
"2015-12-16","30.48","30.6","29.87","30.2","1354437"
"2015-12-15","30.69","30.77","30.36","30.38","1065913"
"2015-12-14","30.64","30.93","30.02","30.52","1652991"
"2015-12-11","31.17","31.24","30.63","30.65","1022519"
"2015-12-10","31.5","31.78","31.25","31.51","947173"
"2015-12-09","31.63","31.76","31.06","31.51","1598349"
"2015-12-08","31.64","32.0","31.45","31.8","1461746"
"2015-12-07","32.55","32.63","31.85","32.01","2014776"
"2015-12-04","32.15","32.93","31.9","32.67","2648658"
"2015-12-03","32.27","32.395","31.66","31.99","2821500"
"2015-12-02","32.3","32.88","32.06","32.27","3714420"
"2015-12-01","30.61","31.3439","30.5","31.11","2314833"
"2015-11-30","30.52","30.66","30.17","30.57","989320"
"2015-11-27","30.5","30.64","30.375","30.46","538800"
"2015-11-25","30.54","31.0","30.33","30.52","1046748"
"2015-11-24","30.61","30.76","30.16","30.48","2083344"
"2015-11-23","30.52","31.01","30.05","30.5","2516694"
"2015-11-20","29.9","30.46","29.62","30.39","2226774"
"2015-11-19","28.96","29.84","27.46","29.72","2695377"
"2015-11-18","28.72","29.09","28.35","29.07","781024"
"2015-11-17","28.54","28.75","28.31","28.44","805986"
"2015-11-16","27.9","28.4","27.605","28.37","740789"
"2015-11-13","27.84","28.15","27.59","27.84","1142077"
"2015-11-12","28.63","28.99","27.79","27.81","1477447"
"2015-11-11","28.9","29.12","28.56","28.81","999201"
"2015-11-10","28.52","28.86","28.26","28.72","1377666"
"2015-11-09","28.88","28.91","28.0","28.48","1332395"
"2015-11-06","28.44","29.0","28.16","28.8","1179924"
"2015-11-05","28.47","28.7","28.23","28.36","1206607"
"2015-11-04","27.99","28.375","27.85","28.29","1527450"
"2015-11-03","28.49","28.59","27.99","28.01","1699317"
"2015-11-02","28.35","28.88","27.54","28.59","2804578"
"2015-10-30","28.05","28.34","27.15","28.26","2435972"
"2015-10-29","26.88","28.76","26.52","28.08","7095427"
"2015-10-28","28.9","29.77","28.79","29.74","1454866"
"2015-10-27","29.06","29.39","28.69","28.81","1376884"
"2015-10-26","29.51","29.541","28.85","29.1","800518"
"2015-10-23","29.28","29.7","28.91","29.6","1208061"
"2015-10-22","28.57","29.17","28.4","29.03","1492166"
"2015-10-21","28.94","29.18","28.185","28.26","964551"
"2015-10-20","28.76","29.0","28.53","28.86","813227"
"2015-10-19","29.16","29.43","28.65","28.73","897709"
"2015-10-16","28.63","28.99","28.54","28.97","866124"
"2015-10-15","28.25","28.6","28.08","28.56","965874"
"2015-10-14","28.07","28.49","28.01","28.19","728324"
"2015-10-13","28.43","28.48","28.005","28.09","617230"
"2015-10-12","28.49","29.0","28.33","28.49","696875"
"2015-10-09","27.9","28.44","27.79","28.38","938952"
"2015-10-08","27.5","27.88","27.43","27.82","1018210"
"2015-10-07","27.59","27.954","27.23","27.63","1260223"
"2015-10-06","27.43","27.83","27.38","27.5","1409936"
"2015-10-05","26.81","27.49","26.81","27.4","1178841"
"2015-10-02","25.82","26.65","25.8","26.59","1135468"
"2015-10-01","26.05","26.25","25.82","26.03","1988298"
"2015-09-30","25.83","26.12","25.59","25.97","1216866"
"2015-09-29","25.93","26.01","25.57","25.79","883862"
"2015-09-28","26.21","26.522","25.785","25.91","942848"
"2015-09-25","26.36","26.86","26.18","26.42","859128"
"2015-09-24","25.96","26.27","25.7","26.18","1103188"
"2015-09-23","26.57","26.57","26.085","26.22","858845"
"2015-09-22","26.44","26.7","26.21","26.46","1162344"
"2015-09-21","27.15","27.47","26.78","26.87","1325197"
"2015-09-18","27.18","27.65","26.82","26.99","2015320"
"2015-09-17","27.75","28.1","27.57","27.64","1138570"
"2015-09-16","27.58","28.04","27.46","27.84","1974079"
"2015-09-15","27.64","27.69","27.41","27.57","720821"
"2015-09-14","27.4","27.52","27.1","27.47","1164387"
"2015-09-11","27.67","27.75","27.09","27.46","637873"
"2015-09-10","27.67","27.95","27.27","27.8","1496602"
"2015-09-09","27.9","29.15","27.38","27.48","3016569"
"2015-09-08","26.4","26.89","26.25","26.73","1071239"
"2015-09-04","25.68","26.13","25.6142","25.92","760858"
"2015-09-03","25.97","26.4","25.83","26.1","1759532"
"2015-09-02","25.97","26.09","25.43","25.97","1278331"
"2015-09-01","25.88","26.24","25.55","25.6","1358554"
"2015-08-31","26.58","26.72","26.3","26.42","879058"
"2015-08-28","26.25","27.02","26.21","26.82","1150474"
"2015-08-27","25.99","26.47","25.8","26.33","1214376"
"2015-08-26","25.51","27.2299","24.91","25.66","1215088"
"2015-08-25","26.07","26.08","24.96","24.99","1944787"
"2015-08-24","24.83","26.4","24.46","25.32","1833066"
"2015-08-21","26.64","26.915","26.29","26.44","1726510"
"2015-08-20","27.64","27.64","26.91","26.92","1573691"
"2015-08-19","27.39","27.98","27.39","27.92","1866823"
"2015-08-18","27.88","28.62","27.405","27.54","562071"
"2015-08-17","27.46","27.995","27.22","27.96","1019615"
"2015-08-14","27.44","27.62","27.24","27.54","686359"
"2015-08-13","27.5","27.78","27.34","27.63","1117304"
"2015-08-12","27.66","27.88","26.99","27.47","1102652"
"2015-08-11","28.32","28.43","27.79","27.92","1688008"
"2015-08-10","27.85","28.67","27.68","28.62","1769702"
"2015-08-07","27.89","27.89","27.27","27.66","1689400"
"2015-08-06","29.32","29.32","27.67","27.89","2919789"
"2015-08-05","30.38","30.7","29.14","29.2","4109170"
"2015-08-04","30.18","30.43","29.98","30.15","964018"
"2015-08-03","30.8","30.845","30.11","30.32","2039434"
"2015-07-31","30.53","31.37","30.33","30.92","2036551"
"2015-07-30","30.14","30.81","29.65","30.48","5613194"
"2015-07-29","30.29","30.61","29.82","30.6","1499492"
"2015-07-28","30.25","30.32","29.63","30.22","1201204"
"2015-07-27","30.25","30.36","29.89","30.08","1008822"
"2015-07-24","30.49","30.678","30.26","30.52","1169179"
"2015-07-23","30.41","30.87","29.845","30.625","1460433"
"2015-07-22","30.1","30.22","29.99","30.15","1175718"
"2015-07-21","30.2","30.43","30.06","30.32","898917"
"2015-07-20","30.64","30.76","30.2","30.25","786533"
"2015-07-17","31.2","31.35","30.56","30.66","1370641"
"2015-07-16","31.47","31.66","31.18","31.22","1385500"
"2015-07-15","31.61","31.76","31.35","31.51","1701051"
"2015-07-14","31.76","31.8","31.25","31.65","2624709"
"2015-07-13","29.71","32.01","29.44","32.0","4606755"
"2015-07-10","30.46","30.87","30.24","30.85","1119062"
"2015-07-09","30.64","30.88","30.14","30.3","1308315"
"2015-07-08","30.39","30.46","30.175","30.375","1656473"
"2015-07-07","30.31","30.605","29.17","30.565","2465152"
"2015-07-06","30.58","30.88","30.315","30.56","1533976"
"2015-07-02","30.7","31.2","30.55","30.81","1076015"
"2015-07-01","30.82","31.16","30.37","30.41","1999594"
"2015-06-30","30.81","30.87","30.1225","30.6","1603500"
"2015-06-29","31.1","31.3","30.635","30.82","1513862"
"2015-06-26","31.92","31.99","31.26","31.46","3656896"
"2015-06-25","32.44","32.6","31.74","31.985","1292836"
"2015-06-24","32.5","32.93","32.36","32.395","1315013"
"2015-06-23","32.39","32.88","32.25","32.865","1544567"
"2015-06-22","32.42","32.68","32.21","32.615","1676378"
"2015-06-19","32.17","32.385","31.95","32.24","1585219"
"2015-06-18","31.87","32.24","31.71","32.05","831031"
"2015-06-17","31.74","32.18","31.54","31.81","904949"
"2015-06-16","32.28","32.28","31.65","31.67","1110577"
"2015-06-15","32.1","32.23","31.77","32.16","1196737"
"2015-06-12","32.18","32.38","32.02","32.32","1691577"
"2015-06-11","32.52","32.74","32.02","32.145","2411127"
"2015-06-10","33.02","33.23","32.3801","32.46","1954542"
"2015-06-09","33.18","33.336","32.645","32.835","1068362"
"2015-06-08","33.79","34.0","33.14","33.18","1288789"
"2015-06-05","33.54","33.985","33.46","33.9","1161172"
"2015-06-04","33.63","34.04","33.595","33.82","1251773"
"2015-06-03","33.32","34.25","33.32","33.84","1371825"
"2015-06-02","32.62","33.27","32.6001","33.18","906910"
"2015-06-01","33.24","33.52","32.6","32.67","1685603"
"2015-05-29","32.94","33.32","32.66","33.01","823139"
"2015-05-28","33.0","33.39","32.79","32.98","507260"
"2015-05-27","32.93","33.23","32.71","33.095","779916"
"2015-05-26","33.04","33.23","32.47","32.815","1244665"
"2015-05-22","33.35","33.43","32.8","33.19","907860"
"2015-05-21","33.6","33.7125","33.225","33.325","1409384"
"2015-05-20","33.68","33.72","33.32","33.52","1383623"
"2015-05-19","33.76","34.0","33.365","33.64","1735029"
"2015-05-18","33.76","34.17","33.7","33.81","1462049"
"2015-05-15","33.57","33.99","33.28","33.95","1502973"
"2015-05-14","33.85","33.88","33.2","33.595","1951439"
"2015-05-13","33.55","33.96","33.55","33.7","1806824"
"2015-05-12","33.73","34.05","33.03","33.8","2140774"
"2015-05-11","33.66","34.09","33.52","34.005","1753204"
"2015-05-08","33.6","33.9","33.33","33.82","1729129"
"2015-05-07","33.1","33.475","32.91","33.2","2437604"
"2015-05-06","34.21","34.26","32.96","33.44","2726754"
"2015-05-05","34.78","34.9","33.69","34.08","1974798"
"2015-05-04","34.45","34.8","34.045","34.32","1536536"
"2015-05-01","33.92","34.45","33.53","34.36","3363790"
"2015-04-30","36.02","36.02","33.37","33.675","3520183"
"2015-04-29","35.48","35.5","34.265","34.68","3001889"
"2015-04-28","34.49","35.08","34.07","34.99","3172611"
"2015-04-27","34.8","35.59","34.73","34.98","3627797"
"2015-04-24","36.41","36.63","35.25","35.76","6819126"
"2015-04-23","36.35","37.5","36.05","37.3","18470705"
"2015-04-22","30.24","30.64","30.07","30.54","1774044"
"2015-04-21","30.18","30.25","29.96","30.16","1250547"
"2015-04-20","29.83","30.075","29.74","30.0","1464960"
"2015-04-17","29.78","29.99","29.59","29.82","2258568"
"2015-04-16","29.77","29.99","29.62","29.97","1687268"
"2015-04-15","29.3","29.75","29.27","29.74","1481803"
"2015-04-14","29.28","29.66","28.86","29.26","1245534"
"2015-04-13","29.25","29.34","28.72","28.785","1034888"
"2015-04-10","29.67","29.7","29.12","29.19","759129"
"2015-04-09","29.38","29.72","29.33","29.52","979245"
"2015-04-08","29.97","30.06","29.21","29.45","1343354"
"2015-04-07","29.52","29.87","29.31","29.68","978785"
"2015-04-06","29.02","29.6","28.8","29.53","1223528"
"2015-04-02","28.89","29.64","28.75","29.305","1106351"
"2015-04-01","28.57","29.06","28.57","29.03","1169170"
"2015-03-31","28.89","29.11","28.53","28.895","1134435"
"2015-03-30","28.52","29.16","28.34","29.08","819915"
"2015-03-27","28.43","28.74","28.26","28.325","866056"
"2015-03-26","28.48","28.66","28.23","28.33","924739"
"2015-03-25","30.08","30.2","28.61","28.635","1497543"
"2015-03-24","31.0","31.05","30.02","30.095","1556103"
"2015-03-23","31.1","31.16","30.94","30.945","1540405"
"2015-03-20","31.2","31.45","30.87","31.18","2117500"
"2015-03-19","30.83","31.19","30.67","31.15","1861719"
"2015-03-18","30.5","31.23","30.42","31.025","1459354"
"2015-03-17","30.44","30.67","29.7425","30.57","1253347"
"2015-03-16","29.85","30.66","29.85","30.62","1469745"
"2015-03-13","29.63","29.91","29.6182","29.795","1303359"
"2015-03-12","29.71","30.17","29.43","30.125","1490779"
"2015-03-11","29.32","29.828","28.97","29.78","1949766"
"2015-03-10","29.19","29.52","28.88","28.91","2150142"
"2015-03-09","28.49","28.78","28.2","28.695","1131331"
"2015-03-06","28.9","28.93","28.4","28.54","800518"
"2015-03-05","29.33","29.33","28.82","29.0","723395"
"2015-03-04","29.46","29.565","29.12","29.22","931850"
"2015-03-03","29.68","29.88","29.5","29.62","971581"
"2015-03-02","29.38","30.1","29.33","29.81","1624070"
"2015-02-27","29.2","29.48","28.9","29.38","1526062"
"2015-02-26","29.09","29.53","28.92","29.17","1420025"
"2015-02-25","29.02","29.1","28.59","29.01","1381045"
"2015-02-24","28.73","29.31","28.7","29.005","3454150"
"2015-02-23","28.49","28.89","28.33","28.65","1983561"
"2015-02-20","28.98","29.1","28.31","28.59","2968322"
"2015-02-19","27.56","29.25","27.558","29.1","5088194"
"2015-02-18","26.47","27.98","26.47","27.81","3937660"
"2015-02-17","26.65","26.83","26.18","26.46","2672296"
"2015-02-13","26.27","26.88","26.11","26.685","2428066"
"2015-02-12","26.15","26.46","25.91","26.275","2145301"
"2015-02-11","26.62","26.83","25.64","26.0","3151418"
"2015-02-10","27.41","27.49","26.57","26.6","1565472"
"2015-02-09","26.88","27.26","26.8","27.1","561140"
"2015-02-06","26.97","27.38","26.73","26.925","809402"
"2015-02-05","26.67","27.24","26.63","26.98","971380"
"2015-02-04","26.71","27.06","26.51","26.585","1282429"
"2015-02-03","26.54","26.84","25.97","26.785","2137205"
"2015-02-02","26.27","26.71","26.07","26.44","1739161"
"2015-01-30","26.63","27.03","26.2","26.22","1606451"
"2015-01-29","26.33","27.0","25.96","26.84","1723152"
"2015-01-28","27.36","27.56","26.32","26.38","1118492"
"2015-01-27","27.03","27.2927","26.65","27.06","893832"
"2015-01-26","27.34","27.485","27.03","27.48","1319142"
"2015-01-23","27.02","27.62","26.82","27.36","1923581"
"2015-01-22","28.18","28.35","27.6701","28.14","1067148"
"2015-01-21","27.76","28.17","27.48","28.08","1523687"
"2015-01-20","28.17","28.58","27.59","27.86","1113500"
"2015-01-16","27.66","28.21","27.55","28.13","1625577"
"2015-01-15","28.17","28.4","27.5","27.82","2431533"
"2015-01-14","27.3","28.44","27.2701","28.15","3202653"
"2015-01-13","27.1","27.83","27.06","27.68","1896332"
"2015-01-12","27.9","28.09","26.82","27.01","1515582"
"2015-01-09","29.29","29.39","27.69","27.72","2318539"
"2015-01-08","29.03","29.78","29.03","29.2","1089835"
"2015-01-07","29.01","29.3","28.76","28.87","1007143"
"2015-01-06","29.75","29.84","28.76","28.835","1213742"
"2015-01-05","29.97","30.1399","29.55","29.7","995866"
"2015-01-02","30.2","30.69","29.84","30.25","736508"
"2014-12-31","30.44","30.99","30.17","30.19","1221180"
"2014-12-30","30.28","30.46","30.081","30.43","491375"
"2014-12-29","30.72","30.97","30.34","30.44","832745"
"2014-12-26","30.28","30.58","29.93","30.46","551778"
"2014-12-24","29.84","30.28","29.73","30.17","251942"
"2014-12-23","29.91","30.16","29.69","29.87","971448"
"2014-12-22","29.26","29.85","29.235","29.78","1168069"
"2014-12-19","29.13","29.66","28.94","29.46","2698773"
"2014-12-18","28.58","29.05","28.42","29.05","965397"
"2014-12-17","27.41","28.22","27.34","28.14","1164886"
"2014-12-16","27.4","27.78","26.94","27.4","1567456"
"2014-12-15","27.65","28.0","27.14","27.345","1267935"
"2014-12-12","27.74","28.11","27.55","27.715","806204"
"2014-12-11","28.07","29.0","27.94","28.03","876048"
"2014-12-10","28.58","28.86","27.84","28.01","1136979"
"2014-12-09","28.27","28.94","27.88","28.81","1180551"
"2014-12-08","28.59","29.07","28.47","28.61","1014702"
"2014-12-05","29.07","29.2","28.56","28.715","1651365"
"2014-12-04","29.61","29.73","28.97","29.0","1362736"
"2014-12-03","29.34","29.8","29.3001","29.73","1194025"
"2014-12-02","29.24","29.48","29.0279","29.36","1040465"
"2014-12-01","29.77","29.81","29.145","29.32","1367762"
"2014-11-28","30.58","30.65","29.705","29.77","650909"
"2014-11-26","30.01","30.65","29.96","30.56","1514746"
"2014-11-25","29.51","29.96","29.51","29.91","1713160"
"2014-11-24","28.91","29.48","28.8","29.47","875690"
"2014-11-21","29.19","29.21","28.73","28.77","1039542"
"2014-11-20","28.58","28.95","28.32","28.92","831078"
"2014-11-19","28.62","28.91","28.39","28.705","1547347"
"2014-11-18","28.28","29.005","28.24","28.7","1504317"
"2014-11-17","28.59","28.9","28.08","28.17","1280193"
"2014-11-14","28.42","28.94","28.42","28.83","1486242"
"2014-11-13","28.37","28.7","28.2","28.43","1509292"
"2014-11-12","28.75","28.75","28.15","28.405","2207500"
"2014-11-11","30.5","30.5","28.46","28.81","3091598"
"2014-11-10","30.72","30.9","30.17","30.46","1686362"
"2014-11-07","30.44","30.84","30.18","30.84","1502080"
"2014-11-06","30.16","30.57","29.94","30.49","941773"
"2014-11-05","30.54","30.62","30.06","30.235","1022077"
"2014-11-04","29.91","30.42","29.84","30.32","1276091"
"2014-11-03","30.02","30.35","29.71","30.06","1826265"
"2014-10-31","29.59","30.09","29.21","30.02","2083780"
"2014-10-30","28.5","29.74","27.86","29.26","3213913"
"2014-10-29","27.94","28.12","27.62","27.98","1729937"
"2014-10-28","27.82","28.07","27.63","27.945","1932377"
"2014-10-27","27.2","27.67","26.97","27.61","1640328"
"2014-10-24","26.92","27.47","26.65","27.445","1541844"
"2014-10-23","26.31","27.04","26.22","26.87","1259233"
"2014-10-22","26.44","27.28","26.0","26.01","2216500"
"2014-10-21","25.25","26.2","25.03","26.14","1815067"
"2014-10-20","25.08","25.38","24.95","25.09","1559737"
"2014-10-17","25.07","25.69","24.81","25.15","1254304"
"2014-10-16","24.01","25.215","24.0","24.81","1921248"
"2014-10-15","23.98","24.89","23.71","24.66","2370730"
"2014-10-14","24.54","25.09","24.13","24.49","2445554"
"2014-10-13","24.1","25.33","24.0","24.27","2506363"
"2014-10-10","25.89","25.98","24.68","24.705","1934177"
"2014-10-09","26.42","26.88","26.0","26.0","1401054"
"2014-10-08","26.53","26.69","25.42","26.53","2785227"
"2014-10-07","27.22","27.49","26.62","26.635","1407744"
"2014-10-06","27.97","28.13","27.29","27.56","1236339"
"2014-10-03","27.91","28.44","27.91","27.96","1248781"
"2014-10-02","27.52","27.89","26.86","27.72","1672797"
"2014-10-01","28.19","28.25","27.14","27.53","2827057"
"2014-09-30","29.12","29.12","28.22","28.355","2551388"
"2014-09-29","29.0","29.32","28.81","29.05","1246531"
"2014-09-26","29.17","29.51","29.036","29.195","1204153"
"2014-09-25","29.97","30.15","29.11","29.11","1517620"
"2014-09-24","29.52","30.2","29.3","30.12","1031309"
"2014-09-23","29.41","29.65","29.33","29.33","1323100"
"2014-09-22","29.98","30.01","29.4835","29.52","1462000"
"2014-09-19","30.8","30.92","29.92","30.01","4162800"
"2014-09-18","30.92","30.95","30.6","30.765","1165600"
"2014-09-17","30.89","31.04","30.5","30.66","1000900"
"2014-09-16","29.74","30.985","29.62","30.91","1760900"
"2014-09-15","30.52","30.52","29.55","29.61","1415000"
"2014-09-12","30.8","31.07","30.45","30.52","1302800"
"2014-09-11","30.41","30.889","30.32","30.855","1615000"
"2014-09-10","29.95","30.51","29.48","30.49","2349300"
"2014-09-09","31.38","31.395","29.14","29.44","4404200"
"2014-09-08","30.83","31.76","30.79","31.53","1997800"
"2014-09-05","30.56","30.825","30.32","30.8","1478600"
"2014-09-04","30.84","31.02","30.45","30.55","1200000"
"2014-09-03","31.57","31.67","30.76","30.84","1468300"
"2014-09-02","31.17","31.81","31.06","31.49","2139200"
"2014-08-29","30.44","30.72","30.3","30.61","836900"
"2014-08-28","30.26","30.55","30.18","30.4","915100"
"2014-08-27","31.01","31.18","30.355","30.42","1068700"
"2014-08-26","30.68","31.22","30.68","30.98","989100"
"2014-08-25","31.29","31.49","30.63","30.66","1064500"
"2014-08-22","30.79","31.325","30.65","31.07","858600"
"2014-08-21","31.26","31.4","30.7","30.81","2091100"
"2014-08-20","31.3","31.49","31.07","31.355","1031800"
"2014-08-19","31.39","31.58","31.0","31.425","984400"
"2014-08-18","31.78","31.7937","30.9801","31.255","1849400"
"2014-08-15","31.6","31.76","31.14","31.59","1200600"
"2014-08-14","31.28","31.54","31.13","31.49","1500900"
"2014-08-13","30.56","31.35","30.48","31.16","1767600"
"2014-08-12","30.19","30.71","30.07","30.64","1811900"
"2014-08-11","30.23","30.44","30.03","30.25","1221200"
"2014-08-08","29.83","30.2","29.65","30.11","1118400"
"2014-08-07","30.14","30.55","29.47","29.89","1860000"
"2014-08-06","29.52","30.22","29.28","30.02","2550900"
"2014-08-05","29.97","30.16","29.49","29.78","2699100"
"2014-08-04","29.32","30.55","29.205","30.47","4251800"
"2014-08-01","30.99","31.05","28.7","29.3","12846000"
"2014-07-31","35.05","35.83","34.08","34.17","4740600"
"2014-07-30","34.23","35.37","34.185","35.26","2549800"
"2014-07-29","34.63","34.76","34.09","34.2","1843600"
"2014-07-28","34.01","34.685","33.69","34.59","2294200"
"2014-07-25","33.95","34.56","33.45","33.91","2429000"
"2014-07-24","33.58","34.1","33.49","33.77","1613300"
"2014-07-23","34.0","34.045","33.25","33.44","1273600"
"2014-07-22","33.37","34.1","33.3375","34.01","3258500"
"2014-07-21","32.63","33.02","32.57","32.72","1777900"
"2014-07-18","32.34","32.91","32.26","32.69","1491700"
"2014-07-17","32.34","32.75","32.08","32.2","1537000"
"2014-07-16","32.1","32.59","31.98","32.5","1667000"
"2014-07-15","31.85","32.0","31.172","31.75","1264800"
"2014-07-14","31.25","32.03","31.24","31.82","1384600"
"2014-07-11","31.33","31.68","31.22","31.41","794500"
"2014-07-10","31.16","31.43","30.58","31.37","1554300"
"2014-07-09","31.84","32.14","31.33","31.61","1607100"
"2014-07-08","32.32","32.4","31.15","31.56","2037500"
"2014-07-07","32.32","32.48","32.1","32.41","1226700"
"2014-07-03","32.77","32.9","32.2201","32.48","1393400"
"2014-07-02","32.73","33.18","32.21","32.56","1505700"
"2014-07-01","32.8","32.98","32.56","32.66","1745100"
"2014-06-30","32.22","32.74","32.195","32.53","2183900"
"2014-06-27","32.21","32.42","31.76","32.2","15116900"
"2014-06-26","31.97","32.315","31.6","32.25","1667800"
"2014-06-25","32.41","32.625","31.113","31.86","4036300"
"2014-06-24","32.98","33.57","32.52","32.62","1511100"
"2014-06-23","33.7","34.13","32.95","33.03","1914000"
"2014-06-20","33.52","34.22","33.29","33.5","22005200"
"2014-06-19","33.04","33.48","32.7","33.42","1628500"
"2014-06-18","32.95","33.08","32.45","32.92","1489900"
"2014-06-17","32.9","33.25","32.42","33.0","1808000"
"2014-06-16","32.61","32.89","32.271","32.83","1551900"
"2014-06-13","31.93","32.965","31.93","32.71","2272300"
"2014-06-12","32.33","32.3799","31.63","31.97","2376800"
"2014-06-11","32.76","32.875","32.15","32.41","1745000"
"2014-06-10","33.31","33.39","32.81","32.95","1242100"
"2014-06-09","33.55","33.87","33.23","33.34","1862400"
"2014-06-06","33.58","33.58","32.91","33.16","1464200"
"2014-06-05","33.15","33.67","33.0","33.35","1674200"
"2014-06-04","32.4","33.075","32.14","32.91","1305600"
"2014-06-03","32.77","33.0","32.3","32.47","1649000"
"2014-06-02","33.05","33.22","32.61","32.83","2379400"
"2014-05-30","33.3","33.3","32.63","33.11","2273200"
"2014-05-29","33.29","33.29","32.5241","32.98","2864200"
"2014-05-28","32.0","32.61","31.8","32.59","3204900"
"2014-05-27","31.43","31.99","31.36","31.7","2963800"
"2014-05-23","30.84","31.09","30.58","31.03","1507800"
"2014-05-22","29.79","30.9","29.71","30.85","3212300"
"2014-05-21","29.67","29.9","29.5","29.66","1839700"
"2014-05-20","30.06","30.23","29.41","29.52","2332200"
"2014-05-19","29.53","30.5","29.53","29.91","2161200"
"2014-05-16","29.15","29.58","28.7584","29.52","1379400"
"2014-05-15","28.73","29.205","28.07","29.13","1496500"
"2014-05-14","29.49","29.69","28.68","28.77","1457300"
"2014-05-13","29.35","29.5","29.03","29.31","2202300"
"2014-05-12","28.12","29.32","27.97","29.24","2615700"
"2014-05-09","28.01","28.12","27.4","27.82","3220700"
"2014-05-08","28.6","29.49","28.3","28.37","2559300"
"2014-05-07","29.69","30.37","28.16","28.6","8950500"
"2014-05-06","26.25","26.5","25.66","25.72","1949800"
"2014-05-05","26.26","26.62","26.08","26.35","1219600"
"2014-05-02","26.37","26.64","26.11","26.47","1240700"
"2014-05-01","25.96","26.895","25.72","26.38","1410700"
"2014-04-30","25.87","26.33","25.61","26.09","1010700"
"2014-04-29","25.85","26.37","25.76","26.055","1302600"
"2014-04-28","25.74","26.17","25.31","25.65","1450100"
"2014-04-25","26.16","26.34","25.42","25.76","1301800"
"2014-04-24","26.68","26.82","25.78","26.33","872000"
"2014-04-23","26.7","26.85","26.28","26.54","652700"
"2014-04-22","26.48","27.1","26.07","26.73","1232200"
"2014-04-21","26.55","26.7659","25.9501","26.435","1058100"
"2014-04-17","25.95","26.575","25.82","26.5","1436000"
"2014-04-16","25.9","26.088","25.6088","26.0","1088000"
"2014-04-15","25.6","25.857","24.76","25.6","2319300"
"2014-04-14","26.01","26.35","25.15","25.43","1640300"
"2014-04-11","25.85","26.71","25.65","25.79","1768300"
"2014-04-10","27.53","27.53","26.0","26.09","2044900"
"2014-04-09","26.58","27.61","26.18","27.58","1662500"
"2014-04-08","26.2","26.72","25.9","26.58","1696500"
"2014-04-07","27.0","27.46","25.63","26.28","2881000"
"2014-04-04","28.32","28.53","27.121","27.32","1636900"
"2014-04-03","28.21","28.89","28.09","28.17","1606800"
"2014-04-02","28.57","28.87","28.2","28.35","1170000"
"2014-04-01","28.35","28.82","28.15","28.38","1525200"
"2014-03-31","27.21","28.61","27.21","28.18","1828900"
"2014-03-28","27.47","27.92","27.04","27.09","1448400"
"2014-03-27","28.23","28.4","27.27","27.58","1848100"
"2014-03-26","28.04","29.0","28.04","28.25","2200000"
"2014-03-25","28.38","29.3","27.6849","28.1","2457500"
"2014-03-24","28.99","29.49","26.69","28.08","4371700"
"2014-03-21","29.29","30.64","29.03","29.7","4426200"
"2014-03-20","29.07","29.45","28.65","29.01","1128100"
"2014-03-19","29.2","29.41","28.68","29.01","962000"
"2014-03-18","28.42","29.27","28.42","29.1","1726000"
"2014-03-17","28.66","29.0","28.04","28.42","1857800"
"2014-03-14","28.53","28.81","27.98","28.34","1804500"
"2014-03-13","29.18","29.73","28.3","28.63","1555900"
"2014-03-12","28.54","29.265","28.2","29.09","1538500"
"2014-03-11","28.85","29.16","28.545","28.59","1254900"
"2014-03-10","29.03","29.32","28.4","28.82","1459900"
"2014-03-07","29.25","29.3899","28.76","29.08","898700"
"2014-03-06","29.25","29.6","28.86","29.13","1306000"
"2014-03-05","29.33","29.59","29.03","29.17","1421700"
"2014-03-04","28.75","29.73","28.27","29.19","3037800"
"2014-03-03","28.33","28.46","27.37","28.3","2642300"
"2014-02-28","29.18","29.3","28.42","28.7","1433400"
"2014-02-27","29.22","29.34","28.8","29.2","1086700"
"2014-02-26","29.21","29.59","29.05","29.18","1419500"
"2014-02-25","29.67","29.7","28.88","29.08","1899100"
"2014-02-24","29.9","30.07","29.28","29.69","2076800"
"2014-02-21","31.17","31.27","29.7","29.73","4075200"
"2014-02-20","28.89","31.42","28.74","31.34","6167100"
"2014-02-19","28.28","28.45","27.41","27.94","2718800"
"2014-02-18","28.18","28.68","28.0","28.45","2222600"
"2014-02-14","28.9","28.94","27.855","27.87","2563700"
"2014-02-13","27.01","28.15","26.77","27.88","6168500"
"2014-02-12","26.81","26.85","25.44","25.9","3732500"
"2014-02-11","26.03","26.36","25.83","26.18","874900"
"2014-02-10","25.93","26.165","25.66","25.92","820000"
"2014-02-07","25.97","26.219","25.8","26.05","811100"
"2014-02-06","25.81","26.07","25.68","25.86","604700"
"2014-02-05","25.49","25.8525","24.95","25.65","1427200"
"2014-02-04","25.38","25.75","25.22","25.73","1205900"
"2014-02-03","25.93","26.16","25.1","25.16","1650500"
"2014-01-31","25.5","26.1","25.405","25.9","1473800"
"2014-01-30","25.68","26.155","25.56","25.86","1815500"
"2014-01-29","25.7","25.76","25.345","25.56","1877400"
"2014-01-28","25.4","26.0","25.29","25.84","2681500"
"2014-01-27","25.53","26.06","25.19","25.46","2368800"
"2014-01-24","26.46","26.535","25.38","25.57","3054100"
"2014-01-23","27.05","27.144","26.3001","26.75","2250200"
"2014-01-22","27.24","27.83","27.05","27.53","2024600"
"2014-01-21","26.77","27.06","26.65","27.06","1476200"
"2014-01-17","26.79","26.96","26.44","26.49","1093000"
"2014-01-16","26.5","26.87","26.45","26.7","1488500"
"2014-01-15","25.46","26.74","25.33","26.61","3073300"
"2014-01-14","24.95","25.34","24.73","25.32","3627500"
"2014-01-13","24.58","24.83","24.35","24.71","1940900"
"2014-01-10","24.99","25.155","24.415","24.62","2138200"
"2014-01-09","25.24","25.405","24.845","24.96","1864000"
"2014-01-08","25.1","25.46","24.9501","25.15","1901400"
"2014-01-07","24.58","25.065","24.27","25.02","2516800"
"2014-01-06","24.3","24.35","23.38","24.05","3686000"
"2014-01-03","24.2","24.69","24.03","24.62","1190400"
"2014-01-02","24.34","24.39","24.0","24.19","1274400"
"2013-12-31","24.07","24.4","24.03","24.34","1289300"
"2013-12-30","23.91","24.235","23.67","24.11","1240400"
"2013-12-27","23.66","24.19","23.57","23.98","1283200"
"2013-12-26","23.66","24.12","23.54","23.57","1237700"
"2013-12-24","23.65","23.67","23.22","23.49","904200"
"2013-12-23","23.67","23.77","23.35","23.52","1883300"
"2013-12-20","22.6","23.8","22.38","23.48","4585900"
"2013-12-19","22.06","22.41","21.76","21.82","1849000"
"2013-12-18","22.17","22.29","21.33","22.16","3560200"
"2013-12-17","22.43","22.5","22.03","22.04","2225000"
"2013-12-16","21.88","22.48","21.8","22.37","2274100"
"2013-12-13","21.59","21.85","21.44","21.72","1754000"
"2013-12-12","21.56","21.71","21.445","21.5","1686300"
"2013-12-11","21.44","21.77","21.39","21.51","1713300"
"2013-12-10","21.26","21.47","20.92","21.39","1603500"
"2013-12-09","21.29","21.45","21.06","21.21","1893700"
"2013-12-06","21.58","21.88","21.1","21.26","2477000"
"2013-12-05","21.54","22.33","21.08","21.36","4606100"
"2013-12-04","20.38","20.92","20.33","20.8","2294200"
"2013-12-03","20.65","20.975","20.42","20.52","2446900"
"2013-12-02","20.52","20.88","20.18","20.68","2245100"
"2013-11-29","20.31","20.6","20.25","20.52","1514700"
"2013-11-27","20.04","20.41","19.87","20.26","1494900"
"2013-11-26","19.83","20.14","19.7199","20.07","2527300"
"2013-11-25","19.89","19.96","19.63","19.76","1699300"
"2013-11-22","19.6","19.96","19.38","19.89","1797800"
"2013-11-21","19.0","19.6","18.91","19.55","2536200"
"2013-11-20","18.92","19.44","18.71","18.92","3099200"
"2013-11-19","18.06","19.0","17.99","18.83","4430600"
"2013-11-18","18.27","18.27","17.91","18.0","1492800"
"2013-11-15","17.52","18.06","17.52","17.96","1641800"
"2013-11-14","17.23","17.49","17.145","17.46","840100"
"2013-11-13","17.1","17.36","17.0","17.29","1086200"
"2013-11-12","17.14","17.25","16.94","17.23","947500"
"2013-11-11","17.2","17.25","16.93","17.21","933300"
"2013-11-08","16.96","17.28","16.91","17.19","1168200"
"2013-11-07","17.35","17.35","16.95","16.96","1663300"
"2013-11-06","17.2","17.49","17.2","17.25","1801500"
"2013-11-05","17.56","17.56","17.195","17.21","1617900"
"2013-11-04","17.32","17.66","17.15","17.61","3285700"
"2013-11-01","17.71","17.84","17.22","17.325","4439600"
"2013-10-31","17.03","17.88","16.85","17.845","10193700"
"2013-10-30","16.55","16.64","16.34","16.49","2547700"
"2013-10-29","16.53","16.64","16.48","16.59","1356600"
"2013-10-28","16.7","16.7","16.5","16.53","1404300"
"2013-10-25","16.8","16.83","16.55","16.65","1101200"
"2013-10-24","16.69","16.8","16.62","16.74","1170700"
"2013-10-23","16.65","16.77","16.58","16.62","1112500"
"2013-10-22","16.88","16.9","16.66","16.77","897900"
"2013-10-21","16.68","16.91","16.5975","16.78","1150800"
"2013-10-18","16.54","16.73","16.39","16.705","1131100"
"2013-10-17","16.77","16.85","16.36","16.4","4631200"
"2013-10-16","16.83","16.95","16.66","16.76","751400"
"2013-10-15","16.89","16.9525","16.7","16.73","1136600"
"2013-10-14","16.86","16.91","16.74","16.91","1343900"
"2013-10-11","16.92","17.06","16.81","17.02","1549000"
"2013-10-10","16.99","17.15","16.8052","16.99","764500"
"2013-10-09","16.91","17.01","16.69","16.78","1217500"
"2013-10-08","16.99","17.02","16.85","16.89","1190400"
"2013-10-07","17.04","17.069","16.905","17.03","996300"
"2013-10-04","16.95","17.27","16.88","17.16","2092200"
"2013-10-03","16.86","17.0","16.78","16.97","1192500"
"2013-10-02","16.9","16.99","16.69","16.87","2899100"
"2013-10-01","17.01","17.17","16.94","16.99","1737800"
"2013-09-30","16.85","17.075","16.8001","17.05","943200"
"2013-09-27","16.93","17.2349","16.92","17.01","1467600"
"2013-09-26","16.96","17.08","16.83","17.07","1206100"
"2013-09-25","16.94","16.96","16.79","16.89","1026400"
"2013-09-24","16.68","16.96","16.49","16.86","1560500"
"2013-09-23","16.72","16.73","16.51","16.67","951900"
"2013-09-20","16.78","16.86","16.71","16.77","1593600"
"2013-09-19","16.66","16.79","16.65","16.76","968700"
"2013-09-18","16.46","16.72","16.34","16.65","1111500"
"2013-09-17","16.43","16.5652","16.23","16.51","1647300"
"2013-09-16","16.8","16.8","16.41","16.43","1143600"
"2013-09-13","16.45","16.66","16.27","16.54","1978600"
"2013-09-12","15.97","16.16","15.92","16.13","1142100"
"2013-09-11","16.04","16.24","15.9","15.93","1641600"
"2013-09-10","16.05","16.25","15.77","15.87","935900"
"2013-09-09","15.93","16.01","15.85","15.95","709500"
"2013-09-06","15.8","15.91","15.61","15.85","986700"
"2013-09-05","15.92","15.98","15.73","15.74","1056300"
"2013-09-04","15.61","15.89","15.54","15.86","1618800"
"2013-09-03","15.86","16.011","15.57","15.61","1512200"
"2013-08-30","15.83","15.88","15.55","15.67","1114800"
"2013-08-29","15.79","16.05","15.78","15.87","828600"
"2013-08-28","15.97","16.1","15.83","15.83","944400"
"2013-08-27","16.1","16.12","15.85","15.979","1504400"
"2013-08-26","16.25","16.34","16.185","16.21","1108000"
"2013-08-23","16.36","16.61","16.21","16.25","610400"
"2013-08-22","16.18","16.495","16.1499","16.35","835300"
"2013-08-21","16.44","16.4562","16.18","16.18","1409000"
"2013-08-20","16.54","16.67","16.37","16.52","1003800"
"2013-08-19","16.68","16.7","16.47","16.51","1064900"
"2013-08-16","16.71","16.85","16.64","16.68","1024900"
"2013-08-15","16.78","17.01","16.65","16.81","1626900"
"2013-08-14","16.92","17.03","16.78","16.9","1297700"
"2013-08-13","16.97","17.065","16.76","16.95","1351400"
"2013-08-12","16.45","17.04","16.44","16.97","2013100"
"2013-08-09","16.65","16.71","16.41","16.47","1005000"
"2013-08-08","16.54","16.85","16.06","16.61","3959400"
"2013-08-07","15.32","15.76","15.26","15.62","1722100"
"2013-08-06","15.46","15.5","15.23","15.31","601300"
"2013-08-05","15.23","15.47","15.2","15.47","778800"
"2013-08-02","15.17","15.36","15.17","15.24","417700"
"2013-08-01","15.17","15.35","15.02","15.27","710900"
"2013-07-31","15.02","15.15","14.94","15.04","737500"
"2013-07-30","14.97","15.04","14.87","14.97","652500"
"2013-07-29","15.11","15.19","14.79","14.94","1453800"
"2013-07-26","15.44","15.44","15.03","15.19","971300"
"2013-07-25","15.35","15.54","15.23","15.52","721500"
"2013-07-24","15.5","15.63","15.32","15.35","870300"
"2013-07-23","15.44","15.55","15.392","15.52","859200"
"2013-07-22","15.36","15.45","15.22","15.41","641900"
"2013-07-19","15.44","15.47","15.3","15.37","740700"
"2013-07-18","15.5","15.56","15.36","15.43","973900"
"2013-07-17","15.39","15.51","15.3","15.48","799100"
"2013-07-16","15.5","15.53","15.29","15.31","874100"
"2013-07-15","15.51","15.57","15.35","15.49","619600"
"2013-07-12","15.36","15.56","15.22","15.5","1186800"
"2013-07-11","15.4","15.47","15.3004","15.41","1746200"
"2013-07-10","14.96","15.25","14.93","15.24","1540600"
"2013-07-09","14.85","15.01","14.8","14.93","1134100"
"2013-07-08","14.78","14.86","14.67","14.78","1116400"
"2013-07-05","14.68","14.74","14.46","14.71","868000"
"2013-07-03","14.51","14.58","14.37","14.38","689300"
"2013-07-02","14.5","14.67","14.4005","14.53","1003500"
"2013-07-01","14.36","14.59","14.15","14.55","1351600"
"2013-06-28","14.55","14.58","14.3","14.35","4365600"
"2013-06-27","14.57","14.61","14.43","14.535","1088300"
"2013-06-26","14.59","14.62","14.36","14.45","838600"
"2013-06-25","14.54","14.5799","14.28","14.42","943200"
"2013-06-24","14.54","14.58","14.335","14.35","1096700"
"2013-06-21","14.61","14.74","14.44","14.64","1765600"
"2013-06-20","14.58","14.91","14.5","14.575","939500"
"2013-06-19","14.84","14.98","14.71","14.74","1202100"
"2013-06-18","14.6","14.95","14.6","14.89","1290800"
"2013-06-17","14.47","14.61","14.4","14.55","1020600"
"2013-06-14","14.43","14.54","14.22","14.32","875000"
"2013-06-13","14.17","14.46","14.07","14.41","1116000"
"2013-06-12","14.64","14.64","14.17","14.17","1181300"
"2013-06-11","14.55","14.68","14.39","14.5","832200"
"2013-06-10","14.74","14.8","14.52","14.71","902700"
"2013-06-07","14.78","14.82","14.59","14.73","656600"
"2013-06-06","14.35","14.65","14.26","14.65","2065100"
"2013-06-05","14.8","14.88","14.29","14.3","2311800"
"2013-06-04","15.19","15.29","14.77","14.93","1204200"
"2013-06-03","15.17","15.28","14.88","15.16","1298000"
"2013-05-31","15.25","15.43","15.13","15.13","819600"
"2013-05-30","15.22","15.3701","15.123","15.35","940500"
"2013-05-29","15.31","15.335","15.05","15.21","1232200"
"2013-05-28","15.67","15.73","15.3","15.44","1291100"
"2013-05-24","14.97","15.575","14.97","15.54","1673200"
"2013-05-23","14.72","15.43","14.72","15.1","2846700"
"2013-05-22","16.25","16.36","14.675","15.01","7452400"
"2013-05-21","16.7","16.85","16.24","16.25","4002000"
"2013-05-20","16.67","16.86","16.63","16.75","2163200"
"2013-05-17","16.51","16.75","16.41","16.75","1378200"
"2013-05-16","16.08","16.71","16.01","16.42","3723300"
"2013-05-15","16.84","16.99","16.77","16.83","1224600"
"2013-05-14","16.57","16.87","16.48","16.86","1776700"
"2013-05-13","16.39","16.59","16.29","16.5","1083700"
"2013-05-10","16.51","16.51","16.24","16.34","1165600"
"2013-05-09","16.7","16.82","16.44","16.46","912200"
"2013-05-08","16.62","16.81","16.58","16.7","1826800"
"2013-05-07","16.77","16.8","16.6","16.72","700900"
"2013-05-06","16.31","16.71","16.3","16.7","614400"
"2013-05-03","16.37","16.56","16.23","16.35","976700"
"2013-05-02","16.12","16.32","16.05","16.21","930600"
"2013-05-01","16.49","16.6","16.0401","16.08","2057800"
"2013-04-30","16.45","16.55","16.26","16.51","950300"
"2013-04-29","16.5","16.5","16.33","16.37","1209200"
"2013-04-26","16.37","16.64","16.27","16.39","1253100"
"2013-04-25","16.48","17.0","16.29","16.38","2398900"
"2013-04-24","16.43","16.68","16.25","16.64","962300"
"2013-04-23","16.43","16.58","16.25","16.47","639600"
"2013-04-22","16.43","16.43","16.02","16.31","1103000"
"2013-04-19","16.29","16.6","16.15","16.39","567300"
"2013-04-18","16.58","16.76","16.26","16.29","1478700"
"2013-04-17","16.59","16.6","16.33","16.48","1278900"
"2013-04-16","16.66","16.85","16.49","16.72","1056800"
"2013-04-15","17.22","17.355","16.51","16.56","1341700"
"2013-04-12","17.46","17.48","17.2","17.37","751900"
"2013-04-11","17.19","17.55","17.19","17.47","1062500"
"2013-04-10","16.5","17.27","16.43","17.26","1339400"
"2013-04-09","16.58","16.6","16.25","16.41","864300"
"2013-04-08","16.51","16.6","16.268","16.59","539800"
"2013-04-05","16.43","16.57","16.26","16.5","743200"
"2013-04-04","16.48","16.75","16.4","16.75","868800"
"2013-04-03","16.8","16.8","16.43","16.51","780600"
"2013-04-02","16.94","17.08","16.73","16.8","483800"
"2013-04-01","17.1","17.165","16.86","16.93","852400"
"2013-03-28","17.16","17.234","16.95","17.17","824000"
"2013-03-27","16.99","17.38","16.92","17.1","721600"
"2013-03-26","17.21","17.21","17.08","17.12","584500"
"2013-03-25","17.15","17.24","17.045","17.11","825900"
"2013-03-22","17.31","17.33","17.1","17.1","514600"
"2013-03-21","17.49","17.52","17.17","17.24","864300"
"2013-03-20","17.38","17.6","17.36","17.55","1038000"
"2013-03-19","17.51","17.52","17.21","17.25","928800"
"2013-03-18","17.39","17.53","17.35","17.46","484400"
"2013-03-15","17.85","17.85","17.53","17.56","1290300"
"2013-03-14","17.81","17.9","17.7","17.81","625700"
"2013-03-13","17.65","17.8","17.45","17.79","1008100"
"2013-03-12","17.82","17.91","17.6","17.65","806500"
"2013-03-11","17.73","17.89","17.68","17.88","1027100"
"2013-03-08","17.8","17.8","17.555","17.71","488200"
"2013-03-07","17.77","17.979","17.44","17.63","899400"
"2013-03-06","17.52","17.76","17.34","17.71","1220500"
"2013-03-05","17.2","17.45","17.16","17.4","1289600"
"2013-03-04","17.09","17.19","17.0","17.08","877300"
"2013-03-01","17.13","17.32","17.04","17.14","1310300"
"2013-02-28","17.35","17.49","17.27","17.35","1161900"
"2013-02-27","17.08","17.5","16.9068","17.41","1095900"
"2013-02-26","16.94","17.16","16.94","17.15","1488200"
"2013-02-25","17.17","17.27","16.96","16.97","1727600"
"2013-02-22","17.03","17.14","16.94","17.13","831700"
"2013-02-21","17.05","17.05","16.78","16.915","871000"
"2013-02-20","17.38","17.39","17.03","17.07","1548000"
"2013-02-19","17.11","17.38","17.07","17.35","924400"
"2013-02-15","17.25","17.26","17.08","17.11","1860500"
"2013-02-14","16.88","17.21","16.84","17.205","1310600"
"2013-02-13","16.74","17.14","16.65","16.95","2495700"
"2013-02-12","16.47","16.73","16.3999","16.59","1181400"
"2013-02-11","16.47","16.56","16.36","16.5","1069800"
"2013-02-08","16.34","16.515","16.32","16.43","1435500"
"2013-02-07","16.25","16.58","16.0","16.42","2316400"
"2013-02-06","16.31","16.57","16.2","16.52","1734700"
"2013-02-05","16.2","16.45","16.13","16.38","1289800"
"2013-02-04","16.36","16.45","16.0","16.1","1373300"
"2013-02-01","16.51","16.62","16.4","16.42","969700"
"2013-01-31","16.5","16.61","16.36","16.52","934700"
"2013-01-30","16.69","16.76","16.395","16.48","936800"
"2013-01-29","16.74","16.83","16.64","16.77","1416200"
"2013-01-28","16.76","16.89","16.68","16.75","706200"
"2013-01-25","16.81","16.85","16.6599","16.77","847300"
"2013-01-24","16.64","16.9","16.61","16.71","1031500"
"2013-01-23","16.75","16.85","16.62","16.67","1209400"
"2013-01-22","16.84","16.9","16.7","16.8","1300700"
"2013-01-18","16.4","16.93","16.38","16.84","2510500"
"2013-01-17","16.36","16.56","16.32","16.43","1435600"
"2013-01-16","16.45","16.54","16.26","16.26","1669400"
"2013-01-15","15.24","16.69","15.19","16.56","7111900"
"2013-01-14","15.29","15.42","15.28","15.34","368700"
"2013-01-11","15.43","15.44","15.23","15.35","968000"
"2013-01-10","15.36","15.4781","15.3","15.4","510700"
"2013-01-09","15.43","15.54","15.32","15.35","550100"
"2013-01-08","15.21","15.48","15.21","15.36","1059200"
"2013-01-07","15.2","15.35","15.1709","15.27","871800"
"2013-01-04","15.33","15.4","15.23","15.29","867700"
"2013-01-03","15.3","15.48","15.17","15.28","661300"
"2013-01-02","15.25","15.33","15.09","15.31","992100"
"2012-12-31","14.7","14.96","14.61","14.94","889900"
"2012-12-28","14.89","14.92","14.71","14.73","780900"
"2012-12-27","15.13","15.16","14.84","15.0","1139600"
"2012-12-26","15.11","15.1908","15.04","15.08","709200"
"2012-12-24","15.39","15.39","15.04","15.11","515300"
"2012-12-21","15.02","15.375","14.755","15.33","5015500"
"2012-12-20","15.34","15.9","14.85","15.06","10687500"
"2012-12-19","14.54","14.73","14.48","14.54","509700"
"2012-12-18","14.31","14.58","14.182","14.58","687300"
"2012-12-17","14.27","14.34","14.13","14.25","666800"
"2012-12-14","14.16","14.25","14.07","14.16","944800"
"2012-12-13","14.26","14.43","14.13","14.21","421400"
"2012-12-12","14.59","14.6","14.26","14.27","703100"
"2012-12-11","14.45","14.585","14.41","14.53","944200"
"2012-12-10","14.27","14.4","14.21","14.36","1272200"
"2012-12-07","14.28","14.31","14.07","14.29","505500"
"2012-12-06","14.09","14.25","14.04","14.21","311600"
"2012-12-05","14.28","14.3","14.02","14.08","580000"
"2012-12-04","14.2","14.29","14.06","14.26","826000"
"2012-12-03","14.08","14.23","14.03","14.21","640800"
"2012-11-30","13.99","14.07","13.92","13.97","784100"
"2012-11-29","13.94","13.98","13.88","13.98","1094100"
"2012-11-28","13.74","13.9","13.63","13.83","662800"
"2012-11-27","13.81","13.96","13.7","13.8","799800"
"2012-11-26","13.9","13.9","13.72","13.82","822700"
"2012-11-23","13.79","13.93","13.79","13.9","307600"
"2012-11-21","13.72","13.74","13.61","13.74","740500"
"2012-11-20","13.67","13.71","13.62","13.68","782900"
"2012-11-19","13.67","13.7482","13.5201","13.69","689800"
"2012-11-16","13.58","13.78","13.48","13.52","1425000"
"2012-11-15","13.74","13.75","13.54","13.61","485600"
"2012-11-14","13.92","13.99","13.67","13.69","503200"
"2012-11-13","13.92","14.0","13.78","13.86","306900"
"2012-11-12","13.99","14.09","13.89","13.95","403000"
"2012-11-09","13.9","14.11","13.78","13.95","463700"
"2012-11-08","14.17","14.25","13.94","13.975","532100"
"2012-11-07","14.19","14.29","14.02","14.22","1088900"
"2012-11-06","14.0","14.37","14.0","14.26","1467800"
"2012-11-05","13.79","14.1","13.79","14.0","853500"
"2012-11-02","14.09","14.13","13.82","13.83","765400"
"2012-11-01","13.72","14.12","13.665","14.08","985300"
"2012-10-31","13.73","13.75","13.53","13.74","362200"
"2012-10-26","13.88","13.909","13.68","13.73","776700"
"2012-10-25","13.5","13.91","13.38","13.9","2041000"
"2012-10-24","13.0","13.04","12.87","13.03","771800"
"2012-10-23","12.82","12.99","12.76","12.97","533500"
"2012-10-22","13.03","13.09","12.85","12.91","475600"
"2012-10-19","12.96","13.0999","12.93","13.025","583500"
"2012-10-18","13.12","13.24","13.02","13.02","395600"
"2012-10-17","13.03","13.181","12.9407","13.16","680200"
"2012-10-16","12.7","13.07","12.7","13.02","581700"
"2012-10-15","12.58","12.74","12.4712","12.68","336400"
"2012-10-12","12.59","12.68","12.48","12.58","567700"
"2012-10-11","12.62","12.77","12.4431","12.59","365300"
"2012-10-10","12.55","12.7162","12.4","12.56","322000"
"2012-10-09","12.65","12.75","12.47","12.54","985500"
"2012-10-08","12.73","12.7888","12.63","12.65","344500"
"2012-10-05","12.73","12.905","12.67","12.79","649500"
"2012-10-04","12.7","12.755","12.5","12.73","696300"
"2012-10-03","12.75","12.78","12.59","12.66","606500"
"2012-10-02","12.77","12.85","12.69","12.77","515800"
"2012-10-01","12.81","13.0","12.63","12.76","880500"
"2012-09-28","12.92","12.92","12.79","12.79","645900"
"2012-09-27","13.08","13.08","12.89","13.01","630100"
"2012-09-26","13.19","13.2","12.94","13.0","848900"
"2012-09-25","13.5","13.51","13.18","13.195","581600"
"2012-09-24","13.51","13.62","13.4","13.44","625600"
"2012-09-21","13.48","13.642","13.435","13.55","807900"
"2012-09-20","13.38","13.41","13.24","13.33","503600"
"2012-09-19","13.8","14.0","13.46","13.46","1020100"
"2012-09-18","14.0","14.06","13.93","14.02","374200"
"2012-09-17","14.05","14.09","13.91","14.05","584800"
"2012-09-14","13.92","14.15","13.8","14.07","950800"
"2012-09-13","13.92","13.99","13.86","13.92","864000"
"2012-09-12","13.85","13.96","13.72","13.93","434500"
"2012-09-11","13.81","13.95","13.79","13.86","605700"
"2012-09-10","13.92","13.925","13.77","13.8","653500"
"2012-09-07","13.95","13.96","13.89","13.94","541000"
"2012-09-06","13.61","13.94","13.43","13.86","1049900"
"2012-09-05","13.75","13.75","13.52","13.53","773200"
"2012-09-04","13.62","13.75","13.49","13.75","533700"
"2012-08-31","13.6","13.69","13.43","13.63","713300"
"2012-08-30","13.65","13.66","13.48","13.5","541200"
"2012-08-29","13.65","13.75","13.51","13.69","551400"
"2012-08-28","13.52","13.71","13.49","13.65","499100"
"2012-08-27","13.5","13.58","13.44","13.54","363100"
"2012-08-24","13.5","13.57","13.4","13.48","543200"
"2012-08-23","13.59","13.6385","13.32","13.52","391000"
"2012-08-22","13.63","13.74","13.59","13.63","393200"
"2012-08-21","13.77","13.9","13.69","13.7","516300"
"2012-08-20","13.79","13.86","13.66","13.75","564800"
"2012-08-17","13.8","13.85","13.725","13.84","822200"
"2012-08-16","13.7","13.88","13.63","13.79","863800"
"2012-08-15","13.4","13.69","13.4","13.55","519100"
"2012-08-14","13.82","13.89","13.435","13.48","761800"
"2012-08-13","13.75","13.9","13.64","13.79","527500"
"2012-08-10","13.59","13.84","13.54","13.75","777800"
"2012-08-09","13.51","13.63","13.47","13.57","518400"
"2012-08-08","13.32","13.59","13.2807","13.54","500800"
"2012-08-07","13.39","13.585","13.11","13.33","714000"
"2012-08-06","13.19","13.5","13.05","13.29","945400"
"2012-08-03","12.86","12.93","12.8","12.87","726300"
"2012-08-02","12.53","12.81","12.46","12.72","738500"
"2012-08-01","12.74","12.845","12.62","12.63","848400"
"2012-07-31","12.71","12.86","12.641","12.69","748300"
"2012-07-30","12.83","12.9","12.66","12.78","906300"
"2012-07-27","12.34","12.92","12.27","12.86","1584400"
"2012-07-26","13.31","13.49","11.8","12.345","3826900"
"2012-07-25","13.03","13.23","13.03","13.17","1682200"
"2012-07-24","13.24","13.24","12.91","12.94","959800"
"2012-07-23","13.31","13.39","13.1501","13.2","1145300"
"2012-07-20","13.67","13.78","13.52","13.62","893000"
"2012-07-19","13.87","13.945","13.69","13.825","1538500"
"2012-07-18","13.89","14.2","13.82","14.05","902500"
"2012-07-17","13.84","13.91","13.71","13.89","821200"
"2012-07-16","13.85","13.9","13.7","13.77","773200"
"2012-07-13","13.79","13.94","13.52","13.84","579200"
"2012-07-12","13.68","13.77","13.53","13.65","874700"
"2012-07-11","13.96","13.99","13.74","13.77","761400"
"2012-07-10","14.0","14.1","13.89","13.97","680100"
"2012-07-09","13.83","13.9977","13.79","13.98","778500"
"2012-07-06","13.82","13.92","13.77","13.895","523100"
"2012-07-05","13.89","14.0","13.84","13.99","494800"
"2012-07-03","13.93","13.98","13.85","13.98","403900"
"2012-07-02","13.89","14.0","13.76","14.0","817300"
"2012-06-29","13.89","13.98","13.75","13.91","1195000"
"2012-06-28","13.46","13.67","13.34","13.65","748100"
"2012-06-27","13.62","13.715","13.5","13.59","711700"
"2012-06-26","13.4","13.69","13.33","13.63","1085900"
"2012-06-25","13.35","13.4486","13.21","13.35","528000"
"2012-06-22","13.4","13.61","13.34","13.54","1544200"
"2012-06-21","13.43","13.43","13.2","13.28","1188700"
"2012-06-20","13.48","13.54","13.39","13.44","595000"
"2012-06-19","13.46","13.63","13.38","13.51","1136700"
"2012-06-18","13.12","13.53","13.0605","13.43","864000"
"2012-06-15","13.26","13.32","13.14","13.27","1375300"
"2012-06-14","13.03","13.33","12.9024","13.27","1257900"
"2012-06-13","13.15","13.26","12.94","13.0","1332800"
"2012-06-12","12.66","13.15","12.59","13.135","1688800"
"2012-06-11","12.85","12.89","12.59","12.61","1124900"
"2012-06-08","12.33","12.815","12.33","12.76","869000"
"2012-06-07","12.6","12.75","12.39","12.43","1047400"
"2012-06-06","12.27","12.45","12.205","12.45","414000"
"2012-06-05","11.82","12.16","11.82","12.16","408200"
"2012-06-04","12.01","12.2084","11.84","11.93","478000"
"2012-06-01","12.09","12.24","11.95","12.0","838400"
"2012-05-31","12.33","12.49","12.27","12.33","958600"
"2012-05-30","12.36","12.45","12.28","12.34","912900"
"2012-05-29","12.39","12.52","12.34","12.5","536500"
"2012-05-25","12.3","12.35","12.23","12.32","610800"
"2012-05-24","12.21","12.35","12.1","12.33","940500"
"2012-05-23","12.07","12.23","12.07","12.16","1277600"
"2012-05-22","12.16","12.25","12.08","12.16","861000"
"2012-05-21","11.83","12.19","11.7","12.13","774500"
"2012-05-18","11.95","12.03","11.72","11.82","818100"
"2012-05-17","12.29","12.34","11.94","11.96","2194600"
"2012-05-16","12.45","12.51","12.23","12.25","592700"
"2012-05-15","12.39","12.6","12.31","12.37","695900"
"2012-05-14","12.38","12.54","12.34","12.44","439800"
"2012-05-11","12.57","12.74","12.47","12.51","574800"
"2012-05-10","12.68","12.82","12.55","12.69","746000"
"2012-05-09","12.41","12.68","12.39","12.55","595200"
"2012-05-08","12.54","12.64","12.45","12.55","672700"
"2012-05-07","12.52","12.82","12.5","12.6","737000"
"2012-05-04","12.73","12.84","12.545","12.55","1501100"
"2012-05-03","12.9","13.0","12.79","12.82","1307700"
"2012-05-02","12.82","13.01","12.78","12.96","811700"
"2012-05-01","12.89","13.08","12.87","12.97","1028500"
"2012-04-30","13.01","13.06","12.82","12.93","1009800"
"2012-04-27","12.65","13.075","12.56","13.06","1841000"
"2012-04-26","12.38","12.9","12.35","12.61","2256600"
"2012-04-25","11.48","11.71","11.44","11.7","1048700"
"2012-04-24","11.26","11.43","11.2401","11.31","843600"
"2012-04-23","11.3","11.38","11.13","11.29","1043900"
"2012-04-20","11.6","11.6","11.34","11.47","655700"
"2012-04-19","11.25","11.4912","11.18","11.38","796500"
"2012-04-18","11.32","11.34","11.215","11.28","583900"
"2012-04-17","11.26","11.52","11.1625","11.41","717800"
"2012-04-16","11.09","11.29","11.03","11.15","606500"
"2012-04-13","11.04","11.18","10.99","11.08","565700"
"2012-04-12","10.93","11.22","10.92","11.11","747200"
"2012-04-11","10.98","11.095","10.93","10.95","710400"
"2012-04-10","11.14","11.14","10.89","10.9","969800"
"2012-04-09","11.22","11.3","11.11","11.16","798300"
"2012-04-05","11.29","11.44","11.195","11.42","1034400"
"2012-04-04","11.06","11.12","10.92","11.02","772800"
"2012-04-03","11.22","11.31","11.14","11.22","891400"
"2012-04-02","11.23","11.27","11.14","11.27","940300"
"2012-03-30","11.22","11.455","11.09","11.3","1446300"
"2012-03-29","10.91","11.17","10.85","11.12","529900"
"2012-03-28","11.01","11.05","10.86","11.02","641700"
"2012-03-27","11.13","11.17","10.96","11.03","800500"
"2012-03-26","11.0","11.22","10.99","11.15","791100"
"2012-03-23","10.91","10.96","10.74","10.94","1051500"
"2012-03-22","10.97","10.99","10.79","10.95","708200"
"2012-03-21","11.13","11.21","11.0","11.06","881100"
"2012-03-20","11.17","11.23","11.06","11.09","364600"
"2012-03-19","11.2","11.3","11.14","11.29","802900"
"2012-03-16","11.17","11.315","11.055","11.23","1441400"
"2012-03-15","11.11","11.22","11.06","11.13","631100"
"2012-03-14","11.24","11.3","11.11","11.12","386600"
"2012-03-13","11.27","11.37","11.185","11.25","775400"
"2012-03-12","11.25","11.32","11.12","11.2","379300"
"2012-03-09","11.16","11.29","11.1","11.28","1411200"
"2012-03-08","11.18","11.25","10.95","11.22","586000"
"2012-03-07","10.97","11.12","10.9207","11.12","648000"
"2012-03-06","10.99","11.06","10.9","10.92","589200"
"2012-03-05","11.0","11.11","11.0","11.05","435000"
"2012-03-02","11.35","11.4","10.99","11.07","555000"
"2012-03-01","11.42","11.52","11.27","11.34","718400"
"2012-02-29","11.56","11.68","11.39","11.39","931600"
"2012-02-28","11.58","11.71","11.5","11.58","583100"
"2012-02-27","11.56","11.72","11.4","11.59","330500"
"2012-02-24","11.75","11.83","11.69","11.69","402600"
"2012-02-23","11.46","11.76","11.38","11.76","629000"
"2012-02-22","11.58","11.68","11.5","11.5","548300"
"2012-02-21","11.79","11.91","11.6","11.68","518900"
"2012-02-17","11.88","11.98","11.8","11.82","438200"
"2012-02-16","11.64","11.92","11.63","11.89","615200"
"2012-02-15","11.84","11.92","11.56","11.64","802600"
"2012-02-14","11.96","12.03","11.8","11.85","689700"
"2012-02-13","12.02","12.04","11.88","12.02","559300"
"2012-02-10","11.7","12.03","11.66","11.95","878700"
"2012-02-09","12.69","12.69","11.69","12.23","1857400"
"2012-02-08","12.11","12.34","12.06","12.33","1587100"
"2012-02-07","11.95","12.2","11.95","12.12","529500"
"2012-02-06","12.16","12.16","11.98","12.03","425600"
"2012-02-03","12.0","12.255","11.98","12.17","1093200"
"2012-02-02","11.81","11.975","11.72","11.96","706800"
"2012-02-01","11.74","11.89","11.7","11.77","776200"
"2012-01-31","11.85","11.85","11.675","11.69","819300"
"2012-01-30","11.63","11.76","11.55","11.75","644100"
"2012-01-27","11.6","11.79","11.6","11.7","818800"
"2012-01-26","11.53","11.68","11.49","11.68","784400"
"2012-01-25","11.49","11.52","11.33","11.51","986600"
"2012-01-24","11.45","11.54","11.3285","11.52","831000"
"2012-01-23","11.39","11.53","11.36","11.5","596000"
"2012-01-20","11.13","11.45","11.11","11.43","540600"
"2012-01-19","11.12","11.19","11.04","11.17","630800"
"2012-01-18","10.9","11.12","10.82","11.11","522000"
"2012-01-17","11.0","11.08","10.88","10.94","469500"
"2012-01-13","10.84","10.99","10.84","10.95","625900"
"2012-01-12","10.89","11.0","10.75","11.0","600400"
"2012-01-11","10.77","10.92","10.73","10.88","414200"
"2012-01-10","10.76","10.88","10.7","10.83","553900"
"2012-01-09","10.67","10.72","10.55","10.69","766200"
"2012-01-06","10.58","10.71","10.51","10.69","1098700"
"2012-01-05","10.56","10.705","10.46","10.61","480200"
"2012-01-04","10.81","10.81","10.58","10.62","625700"
"2012-01-03","11.0","11.0","10.73","10.83","870300"
